dataset,damage_id,source_damage_id,damage_type,damage_name_ko,world_center_x_m,world_center_y_m,world_center_z_m,crs,grid_id,member_name,area_m2,mean_depth_m,max_depth_m,median_depth_m,volume_loss_m3,point_count,source_data_path,pointcloud_path,visualization_path,boundary_xy_json
01_EYAS_translated_segmented,SC-004,scour_4,SC,세굴,242623.10347877358,430899.16529088054,53.72127914428711,EPSG:5186,,,26.5,0.9126420746826355,2.6155588242675805,0.9216859651367386,,802,../../data/01_EYAS_translated_segmented.ply,SC/SC-004.las,../Visualize/SC/SC-004.png,"{""type"":""Polygon"",""coordinates"":[[[242624.046875,430904.71875],[242624.046875,430903.71875],[242624.046875,430902.71875],[242625.046875,430901.71875],[242625.046875,430900.71875],[242624.046875,430899.71875],[242623.046875,430899.71875],[242622.046875,430900.71875],[242622.046875,430901.71875],[242621.046875,430901.71875],[242620.046875,430901.71875],[242619.046875,430900.71875],[242620.046875,430899.71875],[242621.046875,430898.71875],[242621.046875,430897.71875],[242621.046875,430896.71875],[242622.046875,430896.71875],[242623.046875,430895.71875],[242622.046875,430894.71875],[242623.046875,430895.71875],[242624.046875,430895.71875],[242625.046875,430896.71875],[242626.046875,430896.71875],[242626.046875,430897.71875],[242626.046875,430898.71875],[242626.046875,430899.71875],[242625.046875,430900.71875],[242625.046875,430901.71875],[242625.046875,430902.71875],[242625.046875,430903.71875],[242625.046875,430904.71875],[242624.046875,430904.71875]]]}"
01_EYAS_translated_segmented,SC-005,scour_5,SC,세굴,242652.15104166666,430902.59375,53.70011901855469,EPSG:5186,,,8.0,0.3480431660523209,0.918654766113363,0.2511430797852299,,1704,../../data/01_EYAS_translated_segmented.ply,SC/SC-005.las,../Visualize/SC/SC-005.png,"{""type"":""Polygon"",""coordinates"":[[[242652.046875,430906.71875],[242652.046875,430905.71875],[242652.046875,430904.71875],[242652.046875,430903.71875],[242651.046875,430902.71875],[242651.046875,430901.71875],[242651.046875,430900.71875],[242650.046875,430899.71875],[242651.046875,430900.71875],[242652.046875,430899.71875],[242653.046875,430900.71875],[242653.046875,430901.71875],[242653.046875,430902.71875],[242652.046875,430903.71875],[242653.046875,430904.71875],[242653.046875,430905.71875],[242652.046875,430906.71875]]]}"
01_EYAS_translated_segmented,SC-006,scour_6,SC,세굴,242664.88988575267,430906.2047715054,52.981178283691406,EPSG:5186,,,77.5,0.7601056226820939,1.486299407421896,0.9310525469238655,,9972,../../data/01_EYAS_translated_segmented.ply,SC/SC-006.las,../Visualize/SC/SC-006.png,"{""type"":""Polygon"",""coordinates"":[[[242662.046875,430910.71875],[242661.046875,430909.71875],[242660.046875,430909.71875],[242659.046875,430908.71875],[242658.046875,430907.71875],[242657.046875,430906.71875],[242656.046875,430906.71875],[242655.046875,430907.71875],[242655.046875,430906.71875],[242655.046875,430905.71875],[242655.046875,430904.71875],[242656.046875,430905.71875],[242657.046875,430905.71875],[242658.046875,430906.71875],[242659.046875,430906.71875],[242660.046875,430905.71875],[242660.046875,430904.71875],[242660.046875,430903.71875],[242661.046875,430903.71875],[242662.046875,430903.71875],[242663.046875,430903.71875],[242664.046875,430902.71875],[242663.046875,430901.71875],[242664.046875,430902.71875],[242665.046875,430903.71875],[242666.046875,430902.71875],[242667.046875,430902.71875],[242668.046875,430901.71875],[242669.046875,430902.71875],[242670.046875,430902.71875],[242671.046875,430903.71875],[242672.046875,430903.71875],[242673.046875,430903.71875],[242674.046875,430904.71875],[242675.046875,430904.71875],[242674.046875,430904.71875],[242673.046875,430905.71875],[242674.046875,430906.71875],[242675.046875,430907.71875],[242674.046875,430907.71875],[242673.046875,430906.71875],[242672.046875,430906.71875],[242671.046875,430907.71875],[242671.046875,430906.71875],[242671.046875,430905.71875],[242670.046875,430904.71875],[242669.046875,430904.71875],[242668.046875,430905.71875],[242669.046875,430906.71875],[242668.046875,430907.71875],[242668.046875,430908.71875],[242667.046875,430909.71875],[242666.046875,430908.71875],[242665.046875,430908.71875],[242664.046875,430909.71875],[242664.046875,430910.71875],[242663.046875,430910.71875],[242662.046875,430910.71875]]]}"
01_EYAS_translated_segmented,SC-010,scour_10,SC,세굴,242702.76202651515,430920.5591540404,52.92607498168945,EPSG:5186,,,82.5,0.6372985385296825,1.167386701318378,0.6863483467285647,,9207,../../data/01_EYAS_translated_segmented.ply,SC/SC-010.las,../Visualize/SC/SC-010.png,"{""type"":""Polygon"",""coordinates"":[[[242706.046875,430926.71875],[242705.046875,430925.71875],[242705.046875,430924.71875],[242705.046875,430923.71875],[242706.046875,430922.71875],[242706.046875,430921.71875],[242705.046875,430920.71875],[242704.046875,430921.71875],[242703.046875,430921.71875],[242702.046875,430922.71875],[242702.046875,430923.71875],[242702.046875,430924.71875],[242703.046875,430925.71875],[242702.046875,430925.71875],[242701.046875,430925.71875],[242701.046875,430924.71875],[242702.046875,430923.71875],[242701.046875,430922.71875],[242700.046875,430922.71875],[242699.046875,430922.71875],[242698.046875,430922.71875],[242697.046875,430922.71875],[242698.046875,430921.71875],[242699.046875,430921.71875],[242700.046875,430921.71875],[242701.046875,430921.71875],[242702.046875,430920.71875],[242701.046875,430919.71875],[242700.046875,430919.71875],[242699.046875,430919.71875],[242698.046875,430919.71875],[242697.046875,430918.71875],[242696.046875,430919.71875],[242695.046875,430918.71875],[242694.046875,430919.71875],[242695.046875,430918.71875],[242694.046875,430917.71875],[242693.046875,430917.71875],[242692.046875,430916.71875],[242691.046875,430916.71875],[242690.046875,430916.71875],[242689.046875,430916.71875],[242688.046875,430916.71875],[242689.046875,430916.71875],[242690.046875,430915.71875],[242691.046875,430914.71875],[242691.046875,430913.71875],[242690.046875,430912.71875],[242689.046875,430912.71875],[242690.046875,430912.71875],[242691.046875,430913.71875],[242692.046875,430913.71875],[242693.046875,430913.71875],[242694.046875,430913.71875],[242695.046875,430914.71875],[242696.046875,430914.71875],[242695.046875,430915.71875],[242695.046875,430916.71875],[242696.046875,430917.71875],[242697.046875,430917.71875],[242697.046875,430918.71875],[242698.046875,430919.71875],[242699.046875,430918.71875],[242699.046875,430917.71875],[242700.046875,430917.71875],[242701.046875,430917.71875],[242702.046875,430917.71875],[242702.046875,430918.71875],[242703.046875,430919.71875],[242704.046875,430919.71875],[242705.046875,430919.71875],[242706.046875,430918.71875],[242707.046875,430918.71875],[242708.046875,430918.71875],[242709.046875,430919.71875],[242710.046875,430919.71875],[242711.046875,430919.71875],[242712.046875,430919.71875],[242712.046875,430920.71875],[242712.046875,430921.71875],[242712.046875,430922.71875],[242711.046875,430922.71875],[242710.046875,430923.71875],[242710.046875,430924.71875],[242709.046875,430925.71875],[242710.046875,430926.71875],[242709.046875,430926.71875],[242708.046875,430926.71875],[242707.046875,430926.71875],[242706.046875,430926.71875]]]}"
01_EYAS_translated_segmented,SC-011,scour_11,SC,세굴,242726.31316922719,430926.3742434823,55.357666015625,EPSG:5186,,,89.5,1.0132291180986852,1.529474936377028,1.1182375417480586,,13140,../../data/01_EYAS_translated_segmented.ply,SC/SC-011.las,../Visualize/SC/SC-011.png,"{""type"":""Polygon"",""coordinates"":[[[242717.046875,430932.71875],[242716.046875,430931.71875],[242715.046875,430930.71875],[242714.046875,430929.71875],[242713.046875,430928.71875],[242714.046875,430927.71875],[242713.046875,430926.71875],[242712.046875,430926.71875],[242713.046875,430925.71875],[242713.046875,430924.71875],[242714.046875,430925.71875],[242715.046875,430925.71875],[242716.046875,430925.71875],[242717.046875,430924.71875],[242718.046875,430924.71875],[242719.046875,430923.71875],[242719.046875,430922.71875],[242720.046875,430921.71875],[242720.046875,430920.71875],[242721.046875,430920.71875],[242722.046875,430921.71875],[242723.046875,430921.71875],[242724.046875,430921.71875],[242723.046875,430922.71875],[242724.046875,430923.71875],[242725.046875,430923.71875],[242726.046875,430923.71875],[242726.046875,430924.71875],[242727.046875,430925.71875],[242728.046875,430924.71875],[242729.046875,430923.71875],[242730.046875,430923.71875],[242731.046875,430923.71875],[242732.046875,430923.71875],[242731.046875,430924.71875],[242732.046875,430925.71875],[242733.046875,430925.71875],[242734.046875,430924.71875],[242734.046875,430923.71875],[242735.046875,430924.71875],[242736.046875,430924.71875],[242737.046875,430924.71875],[242738.046875,430925.71875],[242739.046875,430926.71875],[242740.046875,430926.71875],[242741.046875,430926.71875],[242742.046875,430927.71875],[242741.046875,430928.71875],[242740.046875,430928.71875],[242739.046875,430929.71875],[242740.046875,430930.71875],[242739.046875,430930.71875],[242738.046875,430930.71875],[242737.046875,430929.71875],[242736.046875,430929.71875],[242736.046875,430928.71875],[242735.046875,430927.71875],[242734.046875,430928.71875],[242733.046875,430928.71875],[242733.046875,430927.71875],[242734.046875,430927.71875],[242735.046875,430926.71875],[242734.046875,430925.71875],[242733.046875,430925.71875],[242732.046875,430925.71875],[242731.046875,430926.71875],[242730.046875,430927.71875],[242729.046875,430926.71875],[242728.046875,430927.71875],[242727.046875,430926.71875],[242726.046875,430925.71875],[242725.046875,430926.71875],[242725.046875,430925.71875],[242724.046875,430924.71875],[242723.046875,430924.71875],[242722.046875,430925.71875],[242721.046875,430924.71875],[242720.046875,430924.71875],[242719.046875,430925.71875],[242718.046875,430926.71875],[242718.046875,430927.71875],[242717.046875,430928.71875],[242716.046875,430929.71875],[242717.046875,430930.71875],[242718.046875,430931.71875],[242717.046875,430932.71875]]]}"
01_EYAS_translated_segmented,SC-017,scour_17,SC,세굴,242762.42020833332,430940.57208333333,52.35519790649414,EPSG:5186,,,12.5,0.16353995160437254,0.7584481397461218,0.08305508886720503,,2293,../../data/01_EYAS_translated_segmented.ply,SC/SC-017.las,../Visualize/SC/SC-017.png,"{""type"":""Polygon"",""coordinates"":[[[242762.046875,430944.71875],[242762.046875,430943.71875],[242762.046875,430942.71875],[242762.046875,430941.71875],[242761.046875,430940.71875],[242761.046875,430939.71875],[242761.046875,430938.71875],[242761.046875,430937.71875],[242762.046875,430937.71875],[242763.046875,430937.71875],[242763.046875,430938.71875],[242764.046875,430939.71875],[242764.046875,430940.71875],[242763.046875,430941.71875],[242763.046875,430942.71875],[242763.046875,430943.71875],[242763.046875,430944.71875],[242762.046875,430944.71875]]]}"
01_EYAS_translated_segmented,SC-020,scour_20,SC,세굴,242771.81230709876,430943.98294753087,52.62744140625,EPSG:5186,,,67.5,1.759021320404851,2.7104985951172296,1.9702577907227123,,10094,../../data/01_EYAS_translated_segmented.ply,SC/SC-020.las,../Visualize/SC/SC-020.png,"{""type"":""Polygon"",""coordinates"":[[[242770.046875,430950.71875],[242771.046875,430949.71875],[242770.046875,430948.71875],[242769.046875,430948.71875],[242770.046875,430947.71875],[242771.046875,430946.71875],[242770.046875,430945.71875],[242769.046875,430944.71875],[242768.046875,430943.71875],[242767.046875,430942.71875],[242767.046875,430941.71875],[242766.046875,430940.71875],[242767.046875,430940.71875],[242768.046875,430940.71875],[242769.046875,430939.71875],[242768.046875,430938.71875],[242767.046875,430938.71875],[242767.046875,430937.71875],[242766.046875,430936.71875],[242767.046875,430937.71875],[242768.046875,430937.71875],[242769.046875,430938.71875],[242770.046875,430938.71875],[242771.046875,430938.71875],[242771.046875,430939.71875],[242772.046875,430940.71875],[242773.046875,430940.71875],[242774.046875,430940.71875],[242775.046875,430940.71875],[242776.046875,430939.71875],[242775.046875,430938.71875],[242776.046875,430939.71875],[242776.046875,430940.71875],[242777.046875,430941.71875],[242778.046875,430940.71875],[242777.046875,430941.71875],[242776.046875,430942.71875],[242776.046875,430943.71875],[242775.046875,430944.71875],[242775.046875,430945.71875],[242775.046875,430946.71875],[242775.046875,430947.71875],[242774.046875,430948.71875],[242774.046875,430949.71875],[242773.046875,430950.71875],[242772.046875,430950.71875],[242771.046875,430949.71875],[242770.046875,430950.71875]]]}"
01_EYAS_translated_segmented,SC-021,scour_21,SC,세굴,242789.95713141028,430951.30849358975,55.090396881103516,EPSG:5186,,,13.0,1.9636967776054044,2.408567706543039,2.1515575929688353,,3158,../../data/01_EYAS_translated_segmented.ply,SC/SC-021.las,../Visualize/SC/SC-021.png,"{""type"":""Polygon"",""coordinates"":[[[242788.046875,430954.71875],[242788.046875,430953.71875],[242788.046875,430952.71875],[242788.046875,430951.71875],[242789.046875,430950.71875],[242789.046875,430949.71875],[242789.046875,430948.71875],[242789.046875,430947.71875],[242790.046875,430946.71875],[242790.046875,430945.71875],[242790.046875,430946.71875],[242790.046875,430947.71875],[242790.046875,430948.71875],[242791.046875,430949.71875],[242792.046875,430950.71875],[242791.046875,430951.71875],[242792.046875,430952.71875],[242792.046875,430953.71875],[242792.046875,430954.71875],[242791.046875,430954.71875],[242791.046875,430953.71875],[242791.046875,430952.71875],[242791.046875,430951.71875],[242790.046875,430950.71875],[242789.046875,430951.71875],[242789.046875,430952.71875],[242789.046875,430953.71875],[242789.046875,430954.71875],[242788.046875,430954.71875]]]}"
01_EYAS_translated_segmented,SC-024,scour_24,SC,세굴,242550.60044642858,430953.3020833334,52.588470458984375,EPSG:5186,,,28.0,1.5721853488647821,1.914249805468799,1.5471518582031507,,3012,../../data/01_EYAS_translated_segmented.ply,SC/SC-024.las,../Visualize/SC/SC-024.png,"{""type"":""Polygon"",""coordinates"":[[[242561.046875,430960.71875],[242560.046875,430959.71875],[242559.046875,430959.71875],[242558.046875,430959.71875],[242557.046875,430958.71875],[242556.046875,430958.71875],[242555.046875,430958.71875],[242554.046875,430957.71875],[242553.046875,430956.71875],[242552.046875,430956.71875],[242552.046875,430955.71875],[242551.046875,430954.71875],[242550.046875,430955.71875],[242549.046875,430956.71875],[242548.046875,430955.71875],[242549.046875,430955.71875],[242550.046875,430954.71875],[242550.046875,430953.71875],[242549.046875,430952.71875],[242548.046875,430952.71875],[242547.046875,430951.71875],[242546.046875,430951.71875],[242546.046875,430950.71875],[242546.046875,430949.71875],[242546.046875,430948.71875],[242547.046875,430948.71875],[242548.046875,430948.71875],[242549.046875,430948.71875],[242549.046875,430949.71875],[242550.046875,430950.71875],[242551.046875,430949.71875],[242551.046875,430950.71875],[242551.046875,430951.71875],[242551.046875,430952.71875],[242551.046875,430953.71875],[242552.046875,430954.71875],[242553.046875,430955.71875],[242554.046875,430956.71875],[242555.046875,430957.71875],[242556.046875,430957.71875],[242557.046875,430958.71875],[242558.046875,430958.71875],[242559.046875,430959.71875],[242560.046875,430959.71875],[242561.046875,430959.71875],[242562.046875,430959.71875],[242563.046875,430959.71875],[242564.046875,430959.71875],[242565.046875,430959.71875],[242566.046875,430959.71875],[242565.046875,430959.71875],[242564.046875,430959.71875],[242563.046875,430959.71875],[242562.046875,430959.71875],[242561.046875,430960.71875]]]}"
01_EYAS_translated_segmented,SC-025,scour_25,SC,세굴,242801.3180614407,430956.5718573446,52.26435852050781,EPSG:5186,,,29.5,2.2479687530845887,3.0505513534668296,2.2571145957031717,,5746,../../data/01_EYAS_translated_segmented.ply,SC/SC-025.las,../Visualize/SC/SC-025.png,"{""type"":""Polygon"",""coordinates"":[[[242800.046875,430962.71875],[242800.046875,430961.71875],[242801.046875,430960.71875],[242800.046875,430959.71875],[242800.046875,430958.71875],[242799.046875,430957.71875],[242798.046875,430957.71875],[242797.046875,430956.71875],[242796.046875,430956.71875],[242795.046875,430957.71875],[242794.046875,430957.71875],[242795.046875,430957.71875],[242796.046875,430956.71875],[242797.046875,430956.71875],[242798.046875,430955.71875],[242799.046875,430954.71875],[242800.046875,430954.71875],[242801.046875,430953.71875],[242801.046875,430952.71875],[242802.046875,430951.71875],[242802.046875,430952.71875],[242802.046875,430953.71875],[242803.046875,430954.71875],[242804.046875,430954.71875],[242805.046875,430954.71875],[242805.046875,430955.71875],[242805.046875,430956.71875],[242804.046875,430957.71875],[242804.046875,430958.71875],[242803.046875,430958.71875],[242803.046875,430957.71875],[242802.046875,430956.71875],[242801.046875,430957.71875],[242801.046875,430958.71875],[242801.046875,430959.71875],[242802.046875,430960.71875],[242803.046875,430960.71875],[242802.046875,430960.71875],[242801.046875,430961.71875],[242800.046875,430962.71875]]]}"
01_EYAS_translated_segmented,SC-027,scour_27,SC,세굴,242813.96606691918,430962.03188131313,52.314205169677734,EPSG:5186,,,33.0,1.8802670656285128,2.641542927343778,2.1155437581299097,,10345,../../data/01_EYAS_translated_segmented.ply,SC/SC-027.las,../Visualize/SC/SC-027.png,"{""type"":""Polygon"",""coordinates"":[[[242813.046875,430967.71875],[242814.046875,430966.71875],[242814.046875,430965.71875],[242813.046875,430964.71875],[242812.046875,430963.71875],[242811.046875,430963.71875],[242810.046875,430962.71875],[242809.046875,430962.71875],[242810.046875,430962.71875],[242811.046875,430961.71875],[242811.046875,430960.71875],[242811.046875,430959.71875],[242811.046875,430958.71875],[242812.046875,430957.71875],[242812.046875,430956.71875],[242813.046875,430957.71875],[242814.046875,430956.71875],[242815.046875,430956.71875],[242815.046875,430957.71875],[242814.046875,430957.71875],[242813.046875,430957.71875],[242812.046875,430958.71875],[242813.046875,430959.71875],[242814.046875,430959.71875],[242815.046875,430959.71875],[242816.046875,430960.71875],[242816.046875,430961.71875],[242817.046875,430962.71875],[242818.046875,430963.71875],[242819.046875,430963.71875],[242820.046875,430963.71875],[242820.046875,430964.71875],[242821.046875,430965.71875],[242822.046875,430966.71875],[242821.046875,430966.71875],[242820.046875,430965.71875],[242820.046875,430964.71875],[242819.046875,430963.71875],[242818.046875,430963.71875],[242817.046875,430963.71875],[242816.046875,430963.71875],[242815.046875,430963.71875],[242814.046875,430964.71875],[242814.046875,430965.71875],[242815.046875,430966.71875],[242816.046875,430966.71875],[242815.046875,430966.71875],[242814.046875,430967.71875],[242813.046875,430967.71875]]]}"
01_EYAS_translated_segmented,SC-028,scour_28,SC,세굴,242645.19101914417,430965.0340653153,52.838768005371094,EPSG:5186,,,37.0,0.4763025506580909,0.7582883224609702,0.5085002455078254,,1305,../../data/01_EYAS_translated_segmented.ply,SC/SC-028.las,../Visualize/SC/SC-028.png,"{""type"":""Polygon"",""coordinates"":[[[242642.046875,430967.71875],[242642.046875,430966.71875],[242641.046875,430965.71875],[242640.046875,430965.71875],[242641.046875,430964.71875],[242641.046875,430963.71875],[242642.046875,430962.71875],[242643.046875,430961.71875],[242643.046875,430962.71875],[242644.046875,430963.71875],[242645.046875,430963.71875],[242646.046875,430963.71875],[242647.046875,430962.71875],[242646.046875,430961.71875],[242645.046875,430961.71875],[242646.046875,430961.71875],[242647.046875,430961.71875],[242648.046875,430961.71875],[242649.046875,430961.71875],[242649.046875,430962.71875],[242649.046875,430963.71875],[242649.046875,430964.71875],[242649.046875,430965.71875],[242648.046875,430966.71875],[242648.046875,430967.71875],[242647.046875,430967.71875],[242646.046875,430967.71875],[242645.046875,430967.71875],[242644.046875,430967.71875],[242643.046875,430967.71875],[242642.046875,430967.71875]]]}"
01_EYAS_translated_segmented,SC-032,scour_32,SC,세굴,242828.45991847827,430969.24411231885,52.35995101928711,EPSG:5186,,,46.0,1.5555000753192887,2.723521171582064,1.7048536505127245,,12189,../../data/01_EYAS_translated_segmented.ply,SC/SC-032.las,../Visualize/SC/SC-032.png,"{""type"":""Polygon"",""coordinates"":[[[242835.046875,430974.71875],[242836.046875,430973.71875],[242835.046875,430972.71875],[242834.046875,430972.71875],[242833.046875,430971.71875],[242832.046875,430971.71875],[242831.046875,430972.71875],[242831.046875,430973.71875],[242831.046875,430972.71875],[242831.046875,430971.71875],[242830.046875,430970.71875],[242829.046875,430971.71875],[242829.046875,430972.71875],[242828.046875,430972.71875],[242827.046875,430971.71875],[242826.046875,430971.71875],[242825.046875,430971.71875],[242825.046875,430970.71875],[242824.046875,430969.71875],[242823.046875,430968.71875],[242824.046875,430967.71875],[242825.046875,430966.71875],[242826.046875,430965.71875],[242825.046875,430964.71875],[242826.046875,430963.71875],[242827.046875,430964.71875],[242828.046875,430963.71875],[242828.046875,430964.71875],[242828.046875,430965.71875],[242828.046875,430966.71875],[242829.046875,430967.71875],[242830.046875,430966.71875],[242830.046875,430967.71875],[242831.046875,430968.71875],[242832.046875,430968.71875],[242832.046875,430969.71875],[242831.046875,430970.71875],[242832.046875,430971.71875],[242833.046875,430971.71875],[242834.046875,430971.71875],[242835.046875,430972.71875],[242836.046875,430972.71875],[242837.046875,430972.71875],[242838.046875,430971.71875],[242837.046875,430970.71875],[242837.046875,430969.71875],[242837.046875,430968.71875],[242837.046875,430969.71875],[242838.046875,430970.71875],[242838.046875,430971.71875],[242837.046875,430972.71875],[242837.046875,430973.71875],[242837.046875,430974.71875],[242836.046875,430974.71875],[242835.046875,430974.71875]]]}"
01_EYAS_translated_segmented,SC-034,scour_34,SC,세굴,242540.75858671172,430972.9079391892,52.55686950683594,EPSG:5186,,,18.5,1.7407316395764267,1.9253790773926482,1.7269616138184318,,1651,../../data/01_EYAS_translated_segmented.ply,SC/SC-034.las,../Visualize/SC/SC-034.png,"{""type"":""Polygon"",""coordinates"":[[[242542.046875,430975.71875],[242541.046875,430974.71875],[242540.046875,430974.71875],[242539.046875,430974.71875],[242539.046875,430973.71875],[242539.046875,430972.71875],[242538.046875,430971.71875],[242537.046875,430971.71875],[242538.046875,430970.71875],[242539.046875,430969.71875],[242540.046875,430970.71875],[242541.046875,430971.71875],[242542.046875,430971.71875],[242543.046875,430972.71875],[242544.046875,430973.71875],[242544.046875,430974.71875],[242543.046875,430974.71875],[242542.046875,430975.71875]]]}"
01_EYAS_translated_segmented,SC-036,scour_36,SC,세굴,242553.58310688403,430977.64628623193,52.66400909423828,EPSG:5186,,,11.5,1.4522186551920961,1.7140960546387163,1.5841136600098054,,888,../../data/01_EYAS_translated_segmented.ply,SC/SC-036.las,../Visualize/SC/SC-036.png,"{""type"":""Polygon"",""coordinates"":[[[242556.046875,430980.71875],[242556.046875,430979.71875],[242555.046875,430978.71875],[242554.046875,430978.71875],[242553.046875,430977.71875],[242552.046875,430978.71875],[242551.046875,430978.71875],[242551.046875,430977.71875],[242551.046875,430976.71875],[242550.046875,430975.71875],[242549.046875,430976.71875],[242548.046875,430976.71875],[242549.046875,430976.71875],[242550.046875,430975.71875],[242549.046875,430974.71875],[242548.046875,430973.71875],[242549.046875,430974.71875],[242550.046875,430975.71875],[242551.046875,430975.71875],[242552.046875,430975.71875],[242553.046875,430976.71875],[242554.046875,430977.71875],[242555.046875,430976.71875],[242556.046875,430977.71875],[242557.046875,430977.71875],[242557.046875,430978.71875],[242556.046875,430979.71875],[242556.046875,430980.71875]]]}"
01_EYAS_translated_segmented,SC-037,scour_37,SC,세굴,242841.49368351063,430980.64073581557,52.20030975341797,EPSG:5186,,,23.5,0.09544541480581377,0.37923068457035924,0.07910094780277177,,5970,../../data/01_EYAS_translated_segmented.ply,SC/SC-037.las,../Visualize/SC/SC-037.png,"{""type"":""Polygon"",""coordinates"":[[[242844.046875,430984.71875],[242843.046875,430983.71875],[242842.046875,430982.71875],[242841.046875,430982.71875],[242840.046875,430982.71875],[242839.046875,430983.71875],[242839.046875,430982.71875],[242839.046875,430981.71875],[242839.046875,430980.71875],[242840.046875,430979.71875],[242840.046875,430978.71875],[242839.046875,430977.71875],[242838.046875,430977.71875],[242838.046875,430976.71875],[242839.046875,430976.71875],[242840.046875,430977.71875],[242841.046875,430977.71875],[242842.046875,430978.71875],[242843.046875,430978.71875],[242843.046875,430979.71875],[242844.046875,430980.71875],[242845.046875,430980.71875],[242845.046875,430981.71875],[242844.046875,430982.71875],[242843.046875,430983.71875],[242844.046875,430984.71875]]]}"
01_EYAS_translated_segmented,SC-038,scour_38,SC,세굴,242669.2849702381,430983.33779761905,52.695064544677734,EPSG:5186,,,7.0,1.74456055870231,1.7759025797363819,1.7465023079102053,,411,../../data/01_EYAS_translated_segmented.ply,SC/SC-038.las,../Visualize/SC/SC-038.png,"{""type"":""Polygon"",""coordinates"":[[[242668.046875,430985.71875],[242668.046875,430984.71875],[242668.046875,430983.71875],[242668.046875,430982.71875],[242668.046875,430981.71875],[242669.046875,430981.71875],[242670.046875,430982.71875],[242671.046875,430982.71875],[242672.046875,430982.71875],[242671.046875,430983.71875],[242670.046875,430983.71875],[242669.046875,430984.71875],[242668.046875,430985.71875]]]}"
01_EYAS_translated_segmented,SC-039,scour_39,SC,세굴,242565.36830357142,430980.2782738095,53.61051559448242,EPSG:5186,,,28.0,0.6171807571352285,0.9309780676757953,0.679540126806657,,1918,../../data/01_EYAS_translated_segmented.ply,SC/SC-039.las,../Visualize/SC/SC-039.png,"{""type"":""Polygon"",""coordinates"":[[[242564.046875,430985.71875],[242565.046875,430984.71875],[242564.046875,430983.71875],[242563.046875,430983.71875],[242562.046875,430983.71875],[242562.046875,430982.71875],[242563.046875,430981.71875],[242564.046875,430980.71875],[242564.046875,430979.71875],[242564.046875,430978.71875],[242564.046875,430977.71875],[242565.046875,430976.71875],[242566.046875,430975.71875],[242567.046875,430975.71875],[242567.046875,430976.71875],[242568.046875,430977.71875],[242568.046875,430978.71875],[242567.046875,430979.71875],[242567.046875,430980.71875],[242568.046875,430981.71875],[242569.046875,430981.71875],[242570.046875,430980.71875],[242570.046875,430979.71875],[242570.046875,430980.71875],[242569.046875,430981.71875],[242568.046875,430981.71875],[242567.046875,430981.71875],[242566.046875,430982.71875],[242566.046875,430983.71875],[242565.046875,430984.71875],[242564.046875,430985.71875]]]}"
01_EYAS_translated_segmented,SC-047,scour_47,SC,세굴,242663.89302884616,430993.4110576923,54.90745544433594,EPSG:5186,,,13.0,1.2486815619903817,1.693666350781271,1.641603962500028,,855,../../data/01_EYAS_translated_segmented.ply,SC/SC-047.las,../Visualize/SC/SC-047.png,"{""type"":""Polygon"",""coordinates"":[[[242667.046875,430996.71875],[242666.046875,430995.71875],[242665.046875,430995.71875],[242664.046875,430994.71875],[242663.046875,430994.71875],[242662.046875,430993.71875],[242662.046875,430992.71875],[242661.046875,430991.71875],[242662.046875,430990.71875],[242661.046875,430989.71875],[242662.046875,430989.71875],[242662.046875,430990.71875],[242663.046875,430991.71875],[242664.046875,430992.71875],[242665.046875,430992.71875],[242666.046875,430993.71875],[242667.046875,430994.71875],[242668.046875,430994.71875],[242667.046875,430994.71875],[242666.046875,430995.71875],[242667.046875,430996.71875]]]}"
01_EYAS_translated_segmented,SC-056,scour_56,SC,세굴,242818.9437003968,430989.12946428574,52.022926330566406,EPSG:5186,,,84.0,2.4729130700515958,2.810680160009852,2.515008811694379,,19242,../../data/01_EYAS_translated_segmented.ply,SC/SC-056.las,../Visualize/SC/SC-056.png,"{""type"":""Polygon"",""coordinates"":[[[242813.046875,431009.71875],[242814.046875,431008.71875],[242814.046875,431007.71875],[242814.046875,431006.71875],[242814.046875,431005.71875],[242814.046875,431004.71875],[242815.046875,431003.71875],[242815.046875,431002.71875],[242815.046875,431001.71875],[242815.046875,431000.71875],[242815.046875,430999.71875],[242816.046875,430998.71875],[242816.046875,430997.71875],[242816.046875,430996.71875],[242815.046875,430995.71875],[242815.046875,430994.71875],[242814.046875,430993.71875],[242814.046875,430992.71875],[242814.046875,430993.71875],[242815.046875,430994.71875],[242816.046875,430993.71875],[242816.046875,430992.71875],[242817.046875,430991.71875],[242817.046875,430990.71875],[242817.046875,430989.71875],[242817.046875,430988.71875],[242818.046875,430987.71875],[242817.046875,430986.71875],[242816.046875,430986.71875],[242815.046875,430987.71875],[242815.046875,430988.71875],[242814.046875,430987.71875],[242813.046875,430987.71875],[242812.046875,430987.71875],[242813.046875,430986.71875],[242814.046875,430986.71875],[242815.046875,430986.71875],[242816.046875,430985.71875],[242817.046875,430984.71875],[242818.046875,430984.71875],[242819.046875,430984.71875],[242820.046875,430983.71875],[242820.046875,430982.71875],[242821.046875,430981.71875],[242821.046875,430980.71875],[242820.046875,430979.71875],[242821.046875,430978.71875],[242822.046875,430978.71875],[242823.046875,430977.71875],[242823.046875,430976.71875],[242824.046875,430975.71875],[242824.046875,430976.71875],[242824.046875,430977.71875],[242824.046875,430978.71875],[242825.046875,430979.71875],[242825.046875,430980.71875],[242824.046875,430981.71875],[242823.046875,430982.71875],[242823.046875,430983.71875],[242822.046875,430984.71875],[242822.046875,430985.71875],[242821.046875,430986.71875],[242821.046875,430987.71875],[242821.046875,430988.71875],[242820.046875,430989.71875],[242820.046875,430990.71875],[242821.046875,430991.71875],[242820.046875,430991.71875],[242819.046875,430992.71875],[242819.046875,430993.71875],[242819.046875,430994.71875],[242818.046875,430995.71875],[242819.046875,430996.71875],[242818.046875,430995.71875],[242817.046875,430996.71875],[242817.046875,430997.71875],[242818.046875,430998.71875],[242817.046875,430999.71875],[242818.046875,431000.71875],[242819.046875,431000.71875],[242819.046875,431001.71875],[242818.046875,431001.71875],[242818.046875,431000.71875],[242817.046875,430999.71875],[242816.046875,431000.71875],[242816.046875,431001.71875],[242815.046875,431002.71875],[242816.046875,431003.71875],[242815.046875,431004.71875],[242815.046875,431005.71875],[242814.046875,431006.71875],[242815.046875,431007.71875],[242814.046875,431008.71875],[242814.046875,431009.71875],[242813.046875,431009.71875]]]}"
01_EYAS_translated_segmented,SC-057,scour_57,SC,세굴,242533.59610394423,431002.47675711743,55.0177001953125,EPSG:5186,,,140.5,0.8516091930839023,1.5049558917480539,1.0548242144043343,,22493,../../data/01_EYAS_translated_segmented.ply,SC/SC-057.las,../Visualize/SC/SC-057.png,"{""type"":""Polygon"",""coordinates"":[[[242541.046875,431013.71875],[242541.046875,431012.71875],[242541.046875,431011.71875],[242540.046875,431010.71875],[242539.046875,431010.71875],[242538.046875,431009.71875],[242537.046875,431008.71875],[242536.046875,431007.71875],[242535.046875,431006.71875],[242534.046875,431006.71875],[242533.046875,431006.71875],[242532.046875,431007.71875],[242531.046875,431007.71875],[242530.046875,431007.71875],[242530.046875,431006.71875],[242529.046875,431005.71875],[242528.046875,431006.71875],[242527.046875,431007.71875],[242526.046875,431008.71875],[242527.046875,431009.71875],[242526.046875,431009.71875],[242525.046875,431010.71875],[242526.046875,431011.71875],[242525.046875,431010.71875],[242525.046875,431009.71875],[242525.046875,431008.71875],[242524.046875,431007.71875],[242523.046875,431007.71875],[242524.046875,431006.71875],[242525.046875,431006.71875],[242526.046875,431005.71875],[242527.046875,431004.71875],[242527.046875,431003.71875],[242527.046875,431002.71875],[242526.046875,431001.71875],[242525.046875,431000.71875],[242525.046875,430999.71875],[242526.046875,430998.71875],[242527.046875,430998.71875],[242528.046875,430997.71875],[242529.046875,430996.71875],[242530.046875,430995.71875],[242530.046875,430994.71875],[242530.046875,430993.71875],[242531.046875,430992.71875],[242531.046875,430991.71875],[242531.046875,430990.71875],[242532.046875,430990.71875],[242533.046875,430990.71875],[242534.046875,430990.71875],[242534.046875,430991.71875],[242535.046875,430992.71875],[242534.046875,430993.71875],[242535.046875,430994.71875],[242535.046875,430995.71875],[242536.046875,430996.71875],[242536.046875,430997.71875],[242537.046875,430998.71875],[242536.046875,430998.71875],[242535.046875,430999.71875],[242535.046875,430998.71875],[242535.046875,430997.71875],[242534.046875,430996.71875],[242533.046875,430995.71875],[242532.046875,430996.71875],[242532.046875,430997.71875],[242533.046875,430998.71875],[242533.046875,430999.71875],[242533.046875,431000.71875],[242533.046875,431001.71875],[242533.046875,431002.71875],[242534.046875,431003.71875],[242534.046875,431004.71875],[242535.046875,431005.71875],[242535.046875,431006.71875],[242536.046875,431007.71875],[242537.046875,431007.71875],[242537.046875,431008.71875],[242538.046875,431009.71875],[242539.046875,431009.71875],[242540.046875,431010.71875],[242541.046875,431010.71875],[242542.046875,431009.71875],[242542.046875,431008.71875],[242542.046875,431007.71875],[242543.046875,431006.71875],[242542.046875,431005.71875],[242543.046875,431005.71875],[242544.046875,431004.71875],[242545.046875,431003.71875],[242546.046875,431003.71875],[242547.046875,431003.71875],[242548.046875,431003.71875],[242548.046875,431004.71875],[242547.046875,431005.71875],[242546.046875,431006.71875],[242546.046875,431007.71875],[242545.046875,431008.71875],[242545.046875,431009.71875],[242544.046875,431010.71875],[242544.046875,431011.71875],[242543.046875,431012.71875],[242542.046875,431013.71875],[242541.046875,431013.71875]]]}"
01_EYAS_translated_segmented,SC-064,scour_64,SC,세굴,242519.63020833334,431016.4270833333,53.786781311035156,EPSG:5186,,,8.0,0.21679175951711535,0.3634548966797553,0.19011123823248965,,1121,../../data/01_EYAS_translated_segmented.ply,SC/SC-064.las,../Visualize/SC/SC-064.png,"{""type"":""Polygon"",""coordinates"":[[[242517.046875,431017.71875],[242518.046875,431016.71875],[242519.046875,431015.71875],[242519.046875,431014.71875],[242520.046875,431014.71875],[242521.046875,431014.71875],[242521.046875,431015.71875],[242521.046875,431016.71875],[242521.046875,431017.71875],[242520.046875,431017.71875],[242519.046875,431017.71875],[242518.046875,431017.71875],[242517.046875,431017.71875]]]}"
01_EYAS_translated_segmented,SC-065,scour_65,SC,세굴,242509.7198014476,431005.97540101723,54.85004806518555,EPSG:5186,,,106.5,0.8684807693424935,1.5706704521485193,1.136115498437583,,10024,../../data/01_EYAS_translated_segmented.ply,SC/SC-065.las,../Visualize/SC/SC-065.png,"{""type"":""Polygon"",""coordinates"":[[[242508.046875,431017.71875],[242508.046875,431016.71875],[242508.046875,431015.71875],[242509.046875,431015.71875],[242510.046875,431014.71875],[242511.046875,431014.71875],[242512.046875,431015.71875],[242513.046875,431014.71875],[242513.046875,431013.71875],[242512.046875,431012.71875],[242511.046875,431012.71875],[242512.046875,431012.71875],[242513.046875,431012.71875],[242514.046875,431011.71875],[242515.046875,431010.71875],[242515.046875,431009.71875],[242515.046875,431008.71875],[242515.046875,431007.71875],[242514.046875,431006.71875],[242513.046875,431006.71875],[242512.046875,431007.71875],[242513.046875,431008.71875],[242512.046875,431007.71875],[242511.046875,431008.71875],[242510.046875,431008.71875],[242509.046875,431007.71875],[242508.046875,431007.71875],[242507.046875,431008.71875],[242506.046875,431008.71875],[242505.046875,431008.71875],[242504.046875,431009.71875],[242504.046875,431010.71875],[242503.046875,431010.71875],[242504.046875,431009.71875],[242503.046875,431008.71875],[242503.046875,431007.71875],[242502.046875,431006.71875],[242502.046875,431005.71875],[242503.046875,431005.71875],[242504.046875,431005.71875],[242505.046875,431004.71875],[242505.046875,431003.71875],[242504.046875,431002.71875],[242504.046875,431001.71875],[242505.046875,431000.71875],[242504.046875,430999.71875],[242505.046875,431000.71875],[242506.046875,431000.71875],[242507.046875,431000.71875],[242508.046875,430999.71875],[242508.046875,430998.71875],[242507.046875,430997.71875],[242506.046875,430996.71875],[242505.046875,430995.71875],[242505.046875,430994.71875],[242505.046875,430993.71875],[242506.046875,430994.71875],[242506.046875,430995.71875],[242506.046875,430996.71875],[242507.046875,430997.71875],[242508.046875,430998.71875],[242509.046875,430999.71875],[242510.046875,431000.71875],[242511.046875,431000.71875],[242512.046875,431001.71875],[242513.046875,431001.71875],[242514.046875,431001.71875],[242514.046875,431002.71875],[242515.046875,431003.71875],[242516.046875,431003.71875],[242517.046875,431002.71875],[242518.046875,431002.71875],[242517.046875,431003.71875],[242518.046875,431004.71875],[242518.046875,431005.71875],[242517.046875,431005.71875],[242516.046875,431006.71875],[242515.046875,431007.71875],[242515.046875,431008.71875],[242515.046875,431009.71875],[242515.046875,431010.71875],[242515.046875,431011.71875],[242514.046875,431012.71875],[242514.046875,431013.71875],[242514.046875,431014.71875],[242514.046875,431015.71875],[242515.046875,431016.71875],[242514.046875,431016.71875],[242513.046875,431016.71875],[242512.046875,431016.71875],[242511.046875,431016.71875],[242510.046875,431016.71875],[242509.046875,431016.71875],[242508.046875,431017.71875]]]}"
01_EYAS_translated_segmented,SC-069,scour_69,SC,세굴,242614.86847124412,431022.7140551643,55.17992401123047,EPSG:5186,,,35.5,1.016067911272181,1.4788135713867234,1.1313279680664436,,3952,../../data/01_EYAS_translated_segmented.ply,SC/SC-069.las,../Visualize/SC/SC-069.png,"{""type"":""Polygon"",""coordinates"":[[[242612.046875,431027.71875],[242611.046875,431026.71875],[242610.046875,431025.71875],[242611.046875,431024.71875],[242612.046875,431024.71875],[242613.046875,431023.71875],[242612.046875,431022.71875],[242613.046875,431021.71875],[242614.046875,431021.71875],[242615.046875,431020.71875],[242615.046875,431019.71875],[242615.046875,431018.71875],[242614.046875,431017.71875],[242615.046875,431018.71875],[242616.046875,431017.71875],[242617.046875,431016.71875],[242617.046875,431015.71875],[242616.046875,431014.71875],[242616.046875,431013.71875],[242616.046875,431012.71875],[242617.046875,431012.71875],[242618.046875,431011.71875],[242619.046875,431012.71875],[242619.046875,431013.71875],[242618.046875,431014.71875],[242617.046875,431015.71875],[242617.046875,431016.71875],[242616.046875,431017.71875],[242615.046875,431018.71875],[242616.046875,431019.71875],[242615.046875,431020.71875],[242614.046875,431021.71875],[242614.046875,431022.71875],[242615.046875,431023.71875],[242616.046875,431023.71875],[242617.046875,431024.71875],[242618.046875,431023.71875],[242619.046875,431024.71875],[242620.046875,431024.71875],[242621.046875,431023.71875],[242622.046875,431024.71875],[242622.046875,431025.71875],[242622.046875,431024.71875],[242621.046875,431023.71875],[242620.046875,431024.71875],[242619.046875,431024.71875],[242618.046875,431024.71875],[242617.046875,431025.71875],[242617.046875,431026.71875],[242616.046875,431027.71875],[242615.046875,431027.71875],[242614.046875,431027.71875],[242613.046875,431027.71875],[242612.046875,431027.71875]]]}"
01_EYAS_translated_segmented,SC-075,scour_75,SC,세굴,242933.19225998328,431095.65928881714,48.35120391845703,EPSG:5186,SPW_0959,SPW_감세공_물받이공(수면_아래),1045.5,0.45208592492199395,0.8619816088379935,0.5157221380372192,,124386,../../data/01_EYAS_translated_segmented.ply,SC/SC-075.las,../Visualize/SC/SC-075.png,"{""type"":""Polygon"",""coordinates"":[[[242927.046875,431127.71875],[242927.046875,431126.71875],[242926.046875,431125.71875],[242925.046875,431126.71875],[242924.046875,431126.71875],[242923.046875,431125.71875],[242922.046875,431126.71875],[242921.046875,431125.71875],[242920.046875,431125.71875],[242919.046875,431125.71875],[242918.046875,431125.71875],[242917.046875,431125.71875],[242916.046875,431125.71875],[242917.046875,431125.71875],[242918.046875,431125.71875],[242919.046875,431124.71875],[242920.046875,431124.71875],[242921.046875,431124.71875],[242922.046875,431124.71875],[242923.046875,431124.71875],[242924.046875,431124.71875],[242925.046875,431124.71875],[242926.046875,431123.71875],[242926.046875,431122.71875],[242925.046875,431121.71875],[242924.046875,431121.71875],[242923.046875,431121.71875],[242922.046875,431121.71875],[242921.046875,431121.71875],[242920.046875,431122.71875],[242919.046875,431122.71875],[242918.046875,431122.71875],[242917.046875,431121.71875],[242917.046875,431120.71875],[242917.046875,431119.71875],[242918.046875,431118.71875],[242918.046875,431117.71875],[242918.046875,431116.71875],[242919.046875,431115.71875],[242920.046875,431114.71875],[242920.046875,431113.71875],[242920.046875,431112.71875],[242920.046875,431111.71875],[242921.046875,431111.71875],[242922.046875,431110.71875],[242923.046875,431109.71875],[242922.046875,431108.71875],[242922.046875,431107.71875],[242922.046875,431106.71875],[242922.046875,431105.71875],[242922.046875,431104.71875],[242922.046875,431103.71875],[242922.046875,431102.71875],[242922.046875,431101.71875],[242922.046875,431100.71875],[242922.046875,431099.71875],[242921.046875,431098.71875],[242921.046875,431097.71875],[242921.046875,431096.71875],[242922.046875,431095.71875],[242923.046875,431094.71875],[242924.046875,431093.71875],[242924.046875,431092.71875],[242924.046875,431091.71875],[242924.046875,431090.71875],[242924.046875,431089.71875],[242924.046875,431088.71875],[242924.046875,431087.71875],[242924.046875,431086.71875],[242924.046875,431085.71875],[242924.046875,431084.71875],[242925.046875,431084.71875],[242926.046875,431084.71875],[242927.046875,431083.71875],[242928.046875,431082.71875],[242927.046875,431081.71875],[242928.046875,431080.71875],[242928.046875,431079.71875],[242929.046875,431078.71875],[242930.046875,431077.71875],[242930.046875,431076.71875],[242931.046875,431075.71875],[242931.046875,431074.71875],[242932.046875,431073.71875],[242933.046875,431072.71875],[242934.046875,431071.71875],[242934.046875,431070.71875],[242933.046875,431069.71875],[242932.046875,431068.71875],[242932.046875,431067.71875],[242933.046875,431066.71875],[242934.046875,431066.71875],[242935.046875,431066.71875],[242936.046875,431066.71875],[242937.046875,431065.71875],[242938.046875,431065.71875],[242939.046875,431065.71875],[242940.046875,431065.71875],[242941.046875,431065.71875],[242942.046875,431065.71875],[242943.046875,431066.71875],[242944.046875,431066.71875],[242945.046875,431067.71875],[242946.046875,431068.71875],[242947.046875,431069.71875],[242947.046875,431070.71875],[242948.046875,431071.71875],[242949.046875,431071.71875],[242948.046875,431072.71875],[242949.046875,431073.71875],[242949.046875,431074.71875],[242948.046875,431075.71875],[242948.046875,431076.71875],[242948.046875,431077.71875],[242948.046875,431078.71875],[242948.046875,431079.71875],[242947.046875,431080.71875],[242947.046875,431081.71875],[242947.046875,431082.71875],[242946.046875,431083.71875],[242946.046875,431084.71875],[242946.046875,431085.71875],[242945.046875,431086.71875],[242945.046875,431087.71875],[242945.046875,431088.71875],[242945.046875,431089.71875],[242944.046875,431090.71875],[242944.046875,431091.71875],[242943.046875,431092.71875],[242943.046875,431093.71875],[242943.046875,431094.71875],[242942.046875,431095.71875],[242942.046875,431096.71875],[242942.046875,431097.71875],[242942.046875,431098.71875],[242941.046875,431099.71875],[242941.046875,431100.71875],[242941.046875,431101.71875],[242940.046875,431102.71875],[242940.046875,431103.71875],[242940.046875,431104.71875],[242940.046875,431105.71875],[242939.046875,431106.71875],[242939.046875,431107.71875],[242938.046875,431108.71875],[242938.046875,431109.71875],[242938.046875,431110.71875],[242937.046875,431111.71875],[242937.046875,431112.71875],[242936.046875,431113.71875],[242936.046875,431114.71875],[242936.046875,431115.71875],[242936.046875,431116.71875],[242935.046875,431117.71875],[242935.046875,431118.71875],[242935.046875,431119.71875],[242935.046875,431120.71875],[242935.046875,431121.71875],[242934.046875,431122.71875],[242934.046875,431123.71875],[242933.046875,431123.71875],[242932.046875,431123.71875],[242931.046875,431124.71875],[242931.046875,431125.71875],[242932.046875,431126.71875],[242933.046875,431126.71875],[242932.046875,431127.71875],[242931.046875,431127.71875],[242930.046875,431126.71875],[242929.046875,431126.71875],[242928.046875,431126.71875],[242927.046875,431127.71875]]]}"
