defect_object_id,Image_ID,location_key,time_id,X,Y,Z,member_name,Section_Name,grid_id,Official_Grid_ID,Node_Image_XY,Overlay_Relative_Path,TIR_Relative_Path,RGB_Relative_Path
TIRDFT000001,TIRDEMO005,MAIN_006,daybreak,243128.85598754883,431041.8783874512,106.70164489746094,좌안_사력댐_제체,NOF_좌안(대전측)_콘크리트부,,,"[[537.7280550774527,229.67297762478486],[551.4974182444062,215.90361445783137],[567.8485370051635,209.8795180722892],[580.7573149741825,215.90361445783137],[573.0120481927711,233.11531841652325],[561.8244406196213,240.00000000000003],[542.8915662650603,240.00000000000003]]",output/overlay/TIRDEMO005_MAIN_006_daybreak_overlay.png,rawdata/TIR/daybreak/1-6.jpg,rawdata/RGB/daybreak/1-6 (2).jpg
TIRDFT000002,TIRDEMO006,MAIN_006,morning,243128.85598754883,431041.8783874512,106.70164489746094,좌안_사력댐_제체,NOF_좌안(대전측)_콘크리트부,,,"[[615.2674897119341,214.79423868312756],[604.9794238683128,219.93827160493828],[593.6625514403291,225.082304526749],[592.633744855967,235.37037037037038],[608.0658436213992,242.57201646090533],[622.469135802469,233.3127572016461],[625.5555555555555,221.99588477366257]]",output/overlay/TIRDEMO006_MAIN_006_morning_overlay.png,rawdata/TIR/morning/1-6.jpg,rawdata/RGB/morning/1-6 (2).jpg
TIRDFT000003,TIRDEMO007,MAIN_006,afternoon,243128.85598754883,431041.8783874512,106.70164489746094,좌안_사력댐_제체,NOF_좌안(대전측)_콘크리트부,,,"[[573.5906642728905,328.8689407540395],[573.5906642728905,318.99461400359064],[584.3626570915619,310.91561938958705],[597.8276481149012,309.12028725314184],[605.9066427289049,313.6086175942549],[605.9066427289049,325.278276481149],[600.5206463195691,331.56193895870734],[591.543985637343,337.84560143626567]]",output/overlay/TIRDEMO007_MAIN_006_afternoon_overlay.png,rawdata/TIR/afternoon/FLIR6713.jpg,rawdata/RGB/afternoon/FLIR6714.jpg
TIRDFT000004,TIRDEMO008,MAIN_006,evening,243128.85598754883,431041.8783874512,106.70164489746094,좌안_사력댐_제체,NOF_좌안(대전측)_콘크리트부,,,"[[583.8888888888889,136.26736111111111],[584.7569444444445,126.71874999999997],[602.1180555555555,118.03819444444443],[609.0625,118.03819444444443],[616.875,121.51041666666666],[619.4791666666666,129.32291666666666],[611.6666666666666,138.87152777777774],[604.7222222222222,145.8159722222222],[595.1736111111111,145.8159722222222]]",output/overlay/TIRDEMO008_MAIN_006_evening_overlay.png,rawdata/TIR/evening/FLIR6903.jpg,rawdata/RGB/evening/FLIR6904.jpg
TIRDFT000005,TIRDEMO013,MAIN_014,daybreak,243126.4114227295,431049.0439453125,105.10459899902344,좌안_사력댐_제체,NOF_좌안(대전측)_콘크리트부,,,"[[326.27615062761504,298.31589958159],[320.5230125523012,331.26569037656907],[321.04602510460245,344.8640167364017],[318.4309623430962,367.3535564853557],[320.5230125523012,383.56694560669456],[324.70711297071125,401.3493723849373],[334.6443514644351,402.3953974895398],[329.9372384937238,376.76778242677824],[336.2133891213389,350.6171548117155],[337.7824267782426,329.17364016736406],[339.8744769874477,299.3619246861925],[336.73306772908364,276.65338645418325],[324.78087649402386,274.2629482071713]]",output/overlay/TIRDEMO013_MAIN_014_daybreak_overlay.png,rawdata/TIR/daybreak/1-14.jpg,rawdata/RGB/daybreak/1-14 (2).jpg
TIRDFT000006,TIRDEMO014,MAIN_014,morning,243126.4114227295,431049.0439453125,105.10459899902344,좌안_사력댐_제체,NOF_좌안(대전측)_콘크리트부,,,"[[322.6397800183318,284.45462878093485],[307.057745187901,283.53803849679196],[307.057745187901,337.6168652612282],[307.057745187901,366.0311640696608],[310.724106324473,396.2786434463794],[314.3904674610449,415.5270394133822],[326.30614115490374,412.7772685609532],[330.8890925756187,397.19523373052243],[325.3895508707608,374.2804766269477],[322.6397800183318,340.36663611365714],[322.6397800183318,320.20164986251143],[322.6397800183318,306.4527956003666]]",output/overlay/TIRDEMO014_MAIN_014_morning_overlay.png,rawdata/TIR/morning/1-14.jpg,rawdata/RGB/morning/1-14 (2).jpg
TIRDFT000007,TIRDEMO015,MAIN_014,afternoon,243126.4114227295,431049.0439453125,105.10459899902344,좌안_사력댐_제체,NOF_좌안(대전측)_콘크리트부,,,"[[369.50980392156856,256.66666666666663],[363.6274509803921,232.15686274509804],[353.82352941176464,226.27450980392157],[352.84313725490193,244.90196078431373],[355.78431372549016,270.3921568627451],[354.8039215686274,289.01960784313724],[349.9019607843137,320.3921568627451],[354.8039215686274,343.92156862745094],[357.74509803921563,366.47058823529414],[369.50980392156856,371.37254901960785],[374.4117647058823,352.7450980392157],[369.50980392156856,331.17647058823525],[369.50980392156856,305.686274509804],[374.4117647058823,278.2352941176471]]",output/overlay/TIRDEMO015_MAIN_014_afternoon_overlay.png,rawdata/TIR/afternoon/FLIR6729.jpg,rawdata/RGB/afternoon/FLIR6730.jpg
TIRDFT000008,TIRDEMO016,MAIN_014,evening,243126.4114227295,431049.0439453125,105.10459899902344,좌안_사력댐_제체,NOF_좌안(대전측)_콘크리트부,,,"[[359.35302390998595,106.0337552742616],[355.1336146272855,88.45288326300984],[343.17862165963436,88.45288326300984],[348.8045007032349,141.8987341772152],[341.06891701828414,167.21518987341773],[340.365682137834,186.9057665260197],[341.7721518987342,209.40928270042195],[343.17862165963436,234.02250351617442],[341.7721518987342,258.6357243319269],[348.10126582278485,284.6554149085795],[367.7918424753868,286.7651195499297],[375.5274261603376,274.8101265822785],[378.3403656821379,244.57102672292547],[377.63713080168776,222.06751054852322],[373.4177215189874,193.2348804500703],[374.12095639943743,170.73136427566806],[374.12095639943743,146.1181434599156],[372.0112517580872,129.943741209564]]",output/overlay/TIRDEMO016_MAIN_014_evening_overlay.png,rawdata/TIR/evening/FLIR6919.jpg,rawdata/RGB/evening/FLIR6920.jpg
TIRDFT000009,TIRDEMO017,MAIN_019,daybreak,243126.2151031494,431049.6194152832,107.47801208496094,좌안_사력댐_제체,NOF_좌안(대전측)_콘크리트부,,,"[[347.5482093663912,74.71074380165294],[351.2213039485767,143.58126721763088],[356.73094582185496,258.36547291092745],[363.15886134067955,475.99632690541773],[380.6060606060606,474.159779614325],[368.66850321395776,106.85032139577598],[366.831955922865,67.36455463728197]]",output/overlay/TIRDEMO017_MAIN_019_daybreak_overlay.png,rawdata/TIR/daybreak/1-19.jpg,rawdata/RGB/daybreak/1-19 (2).jpg
TIRDFT000010,TIRDEMO018,MAIN_019,morning,243126.2151031494,431049.6194152832,107.47801208496094,좌안_사력댐_제체,NOF_좌안(대전측)_콘크리트부,,,"[[340.9715857011916,18.643446379468344],[318.05682859761686,25.976168652612273],[320.80659945004584,198.29514207149404],[322.6397800183318,337.6168652612282],[325.3895508707608,471.4390467461045],[345.5545371219065,473.2722273143904],[345.5545371219065,205.6278643446379],[340.0549954170486,108.4692942254812],[340.9715857011916,41.55820348304306]]",output/overlay/TIRDEMO018_MAIN_019_morning_overlay.png,rawdata/TIR/morning/1-19.jpg,rawdata/RGB/morning/1-19 (2).jpg
TIRDFT000011,TIRDEMO019,MAIN_019,afternoon,243126.2151031494,431049.6194152832,107.47801208496094,좌안_사력댐_제체,NOF_좌안(대전측)_콘크리트부,,,"[[305.07246376811594,29.85507246376814],[308.695652173913,114.63768115942032],[315.9420289855072,259.5652173913044],[314.4927536231884,401.59420289855075],[311.5942028985507,470.4347826086957],[336.231884057971,474.7826086956522],[337.6811594202898,317.536231884058],[342.0289855072464,242.8985507246377],[337.6811594202898,146.5217391304348],[329.7101449275362,47.97101449275364],[329.7101449275362,20.434782608695684]]",output/overlay/TIRDEMO019_MAIN_019_afternoon_overlay.png,rawdata/TIR/afternoon/FLIR6739.jpg,rawdata/RGB/afternoon/FLIR6740.jpg
TIRDFT000012,TIRDEMO020,MAIN_019,evening,243126.2151031494,431049.6194152832,107.47801208496094,좌안_사력댐_제체,NOF_좌안(대전측)_콘크리트부,,,"[[293.9521800281294,2.658227848101248],[296.06188466947964,26.568213783403635],[292.54571026722925,75.79465541490858],[295.3586497890295,181.2798874824191],[293.9521800281294,241.7580872011252],[296.7651195499297,328.25597749648387],[304.50070323488046,382.40506329113924],[302.39099859353024,442.88326300984534],[299.57805907172997,476.63853727144874],[322.0815752461322,471.71589310829825],[322.0815752461322,390.14064697609],[320.6751054852321,325.44303797468353],[320.6751054852321,276.21659634317865],[319.971870604782,210.112517580872],[320.6751054852321,181.9831223628692],[320.6751054852321,138.38255977496482],[312.9395218002813,74.38818565400844],[312.9395218002813,39.92967651195498],[314.34599156118145,2.658227848101248]]",output/overlay/TIRDEMO020_MAIN_019_evening_overlay.png,rawdata/TIR/evening/FLIR6929.jpg,rawdata/RGB/evening/FLIR6930.jpg
TIRDFT000013,TIRDEMO021,MAIN_024,daybreak,243120.61058807373,431063.0330810547,99.24830627441406,좌안_사력댐_제체,NOF_좌안(대전측)_콘크리트부,NOF_L_0008,NOF_L_0008,"[[363.4840871021775,140.33500837520938],[349.24623115577884,125.25963149078729],[328.30820770519256,127.77219430485763],[299.8324958123953,140.33500837520938],[290.6197654941373,157.0854271356784],[276.38190954773864,188.0737018425461],[283.08207705192626,203.98659966499167],[324.12060301507535,208.17420435510888],[333.33333333333326,205.66164154103853],[342.5460636515912,182.21105527638196],[357.6214405360133,163.78559463986602]]",output/overlay/TIRDEMO021_MAIN_024_daybreak_overlay.png,rawdata/TIR/daybreak/1-24.jpg,rawdata/RGB/daybreak/1-24 (2).jpg
TIRDFT000014,TIRDEMO022,MAIN_024,morning,243120.61058807373,431063.0330810547,99.24830627441406,좌안_사력댐_제체,NOF_좌안(대전측)_콘크리트부,NOF_L_0008,NOF_L_0008,"[[333.63886342804767,172.63061411549037],[322.6397800183318,155.2153987167736],[298.8084326306141,150.63244729605864],[282.30980751604034,156.13198900091655],[264.89459211732355,173.54720439963333],[263.9780018331806,188.21264894592113],[262.1448212648946,215.71035747021082],[265.81118240146657,233.12557286892755],[283.22639780018335,238.6251145737855],[302.4747937671861,238.6251145737855],[314.3904674610449,233.12557286892755],[322.6397800183318,208.3776351970669],[328.13932172318977,195.54537121906506]]",output/overlay/TIRDEMO022_MAIN_024_morning_overlay.png,rawdata/TIR/morning/1-24.jpg,rawdata/RGB/morning/1-24 (2).jpg
TIRDFT000015,TIRDEMO023,MAIN_024,afternoon,243120.61058807373,431063.0330810547,99.24830627441406,좌안_사력댐_제체,NOF_좌안(대전측)_콘크리트부,NOF_L_0008,NOF_L_0008,"[[294.2028985507246,130.57971014492756],[276.8115942028985,126.95652173913045],[253.62318840579707,134.20289855072468],[249.99999999999997,150.8695652173913],[246.37681159420288,168.9855072463768],[249.99999999999997,181.304347826087],[260.1449275362319,187.10144927536237],[279.7101449275362,182.02898550724643],[288.40579710144925,174.0579710144928],[292.75362318840575,158.1159420289855],[295.65217391304344,145.79710144927537]]",output/overlay/TIRDEMO023_MAIN_024_afternoon_overlay.png,rawdata/TIR/afternoon/FLIR6749.jpg,rawdata/RGB/afternoon/FLIR6750.jpg
TIRDFT000016,TIRDEMO024,MAIN_024,evening,243120.61058807373,431063.0330810547,99.24830627441406,좌안_사력댐_제체,NOF_좌안(대전측)_콘크리트부,NOF_L_0008,NOF_L_0008,"[[278.33333333333337,135.39930555555557],[253.15972222222223,132.79513888888889],[242.7430555555556,141.47569444444443],[237.53472222222223,156.23263888888889],[237.53472222222223,170.98958333333334],[245.34722222222223,181.40624999999997],[266.1805555555556,181.40624999999997],[270.52083333333337,173.59374999999997],[274.86111111111114,160.57291666666666]]",output/overlay/TIRDEMO024_MAIN_024_evening_overlay.png,rawdata/TIR/evening/FLIR6939.jpg,rawdata/RGB/evening/FLIR6940.jpg
TIRDFT000017,TIRDEMO025,MAIN_030,daybreak,243116.6923980713,431068.9469604492,96.86309814453125,좌안_사력댐_제체,NOF_좌안(대전측)_콘크리트부,NOF_L_0006,NOF_L_0006,"[[323.49107835531413,208.19239720713728],[315.73312645461596,228.36307214895265],[354.522885958107,231.4662529092319],[384.77889837083006,229.9146625290923],[415.81070597362293,218.27773467804496],[418.1380915438324,209.74398758727693],[405.72536850271524,205.86501163692782],[363.8324282389449,205.86501163692782],[346.7649340574088,205.86501163692782]]",output/overlay/TIRDEMO025_MAIN_030_daybreak_overlay.png,rawdata/TIR/daybreak/1-30.jpg,rawdata/RGB/daybreak/1-30 (2).jpg
TIRDFT000018,TIRDEMO026,MAIN_030,morning,243116.6923980713,431068.9469604492,96.86309814453125,좌안_사력댐_제체,NOF_좌안(대전측)_콘크리트부,NOF_L_0006,NOF_L_0006,"[[323.5563703024748,227.62603116406964],[342.80476626947757,223.0430797433547],[370.3024747937672,223.0430797433547],[387.717690192484,225.79285059578368],[399.6333638863428,234.04216315307056],[393.2172318973419,241.3748854262145],[376.7186067827681,241.3748854262145],[358.3868010999083,241.3748854262145],[344.63794683776354,241.3748854262145],[327.22273143904675,241.3748854262145]]",output/overlay/TIRDEMO026_MAIN_030_morning_overlay.png,rawdata/TIR/morning/1-30.jpg,rawdata/RGB/morning/1-30 (2).jpg
TIRDFT000019,TIRDEMO027,MAIN_030,afternoon,243116.6923980713,431068.9469604492,96.86309814453125,좌안_사력댐_제체,NOF_좌안(대전측)_콘크리트부,NOF_L_0006,NOF_L_0006,"[[309.71377459749556,225.68872987477644],[323.1305903398927,219.4275491949911],[342.80858676207515,214.06082289803223],[366.0644007155635,207.79964221824687],[380.37567084078717,208.69409660107337],[388.4257602862254,213.16636851520573],[389.3202146690519,225.68872987477644],[376.79785330948124,227.47763864042938],[356.2254025044723,228.37209302325587],[324.91949910554564,233.73881932021467],[307.9248658318426,236.4221824686941]]",output/overlay/TIRDEMO027_MAIN_030_afternoon_overlay.png,rawdata/TIR/afternoon/FLIR6761.jpg,rawdata/RGB/afternoon/FLIR6762.jpg
TIRDFT000020,TIRDEMO028,MAIN_030,evening,243116.6923980713,431068.9469604492,96.86309814453125,좌안_사력댐_제체,NOF_좌안(대전측)_콘크리트부,NOF_L_0006,NOF_L_0006,"[[357.9465541490858,219.957805907173],[372.71448663853727,215.0351617440225],[395.2180028129395,209.40928270042195],[405.0632911392405,208.7060478199719],[418.4247538677919,208.7060478199719],[428.27004219409287,210.112517580872],[433.19268635724336,217.84810126582278],[429.676511954993,224.17721518987344],[417.0182841068917,224.17721518987344],[393.8115330520394,229.80309423347398],[373.4177215189874,229.80309423347398],[366.38537271448666,230.50632911392404],[361.46272855133617,230.50632911392404]]",output/overlay/TIRDEMO028_MAIN_030_evening_overlay.png,rawdata/TIR/evening/FLIR6951.jpg,rawdata/RGB/evening/FLIR6952.jpg
TIRDFT000021,TIRDEMO029,MAIN_035,daybreak,243101.8846130371,431076.5921936035,81.80622863769531,좌안_사력댐_제체,NOF_좌안(대전측)_콘크리트부,NOF_L_0043,NOF_L_0043,"[[488.2747068676716,282.713567839196],[502.5125628140703,250.0502512562814],[527.6381909547738,234.9748743718593],[564.4891122278057,237.48743718592965],[591.289782244556,265.12562814070355],[597.1524288107202,286.9011725293132],[582.9145728643215,297.7889447236181],[547.7386934673366,298.62646566164153],[511.72529313232826,298.62646566164153],[499.16247906197646,296.1139028475712]]",output/overlay/TIRDEMO029_MAIN_035_daybreak_overlay.png,rawdata/TIR/daybreak/1-35.jpg,rawdata/RGB/daybreak/1-35 (2).jpg
TIRDFT000022,TIRDEMO030,MAIN_035,morning,243101.8846130371,431076.5921936035,81.80622863769531,좌안_사력댐_제체,NOF_좌안(대전측)_콘크리트부,NOF_L_0043,NOF_L_0043,"[[546.5151515151515,296.43939393939394],[568.4848484848485,292.6515151515151],[595.7575757575758,284.3181818181818],[613.939393939394,291.1363636363636],[623.0303030303031,304.77272727272725],[617.7272727272727,325.22727272727275],[604.0909090909091,327.5],[582.1212121212121,327.5],[563.939393939394,319.1666666666667],[552.5757575757576,316.1363636363636]]",output/overlay/TIRDEMO030_MAIN_035_morning_overlay.png,rawdata/TIR/morning/1-35.jpg,rawdata/RGB/morning/1-35 (2).jpg
TIRDFT000023,TIRDEMO031,MAIN_035,afternoon,243101.8846130371,431076.5921936035,81.80622863769531,좌안_사력댐_제체,NOF_좌안(대전측)_콘크리트부,NOF_L_0043,NOF_L_0043,"[[559.5330112721417,252.0772946859903],[573.220611916264,244.0257648953301],[594.1545893719807,241.61030595813202],[603.0112721417069,241.61030595813202],[614.2834138486312,247.2463768115942],[621.5297906602254,256.10305958132045],[622.3349436392914,264.95974235104666],[619.9194847020934,276.231884057971],[613.4782608695652,281.0628019323671],[589.3236714975845,281.0628019323671],[570.8051529790661,278.6473429951691],[561.9484702093398,269.7906602254428],[559.5330112721417,264.95974235104666]]",output/overlay/TIRDEMO031_MAIN_035_afternoon_overlay.png,rawdata/TIR/afternoon/FLIR6771.jpg,rawdata/RGB/afternoon/FLIR6772.jpg
TIRDFT000024,TIRDEMO032,MAIN_035,evening,243101.8846130371,431076.5921936035,81.80622863769531,좌안_사력댐_제체,NOF_좌안(대전측)_콘크리트부,NOF_L_0043,NOF_L_0043,"[[248.81944444444446,256.92708333333326],[264.44444444444446,246.51041666666666],[288.75,233.4895833333333],[294.8263888888889,218.73263888888889],[311.31944444444446,214.39236111111111],[328.6805555555556,214.39236111111111],[346.90972222222223,226.54513888888889],[363.40277777777777,247.3784722222222],[372.08333333333337,268.21180555555554],[367.74305555555554,289.91319444444446],[359.0625,309.8784722222222],[352.98611111111114,314.21875],[313.0555555555556,314.21875],[287.88194444444446,315.08680555555554],[278.33333333333337,314.21875],[265.3125,295.1215277777777],[255.7638888888889,289.0451388888889],[251.42361111111114,276.8923611111111]]",output/overlay/TIRDEMO032_MAIN_035_evening_overlay.png,rawdata/TIR/evening/FLIR6961.jpg,rawdata/RGB/evening/FLIR6962.jpg
TIRDFT000025,TIRDEMO037,MAIN_047,daybreak,243102.37213134766,431099.1622314453,100.65652465820312,여수로_피어_01,SPW_여수로_교각_도수면,,,"[[205.19262981574536,242.51256281407035],[248.7437185929648,233.29983249581244],[305.6951423785594,237.48743718592965],[327.4706867671691,241.67504187604692],[326.6331658291457,248.37520938023454],[301.50753768844214,253.40033500837524],[263.8190954773869,248.37520938023454],[237.01842546063648,248.37520938023454],[223.61809045226127,248.37520938023454]]",output/overlay/TIRDEMO037_MAIN_047_daybreak_overlay.png,rawdata/TIR/daybreak/1-47.jpg,rawdata/RGB/daybreak/1-47 (2).jpg
TIRDFT000026,TIRDEMO038,MAIN_047,morning,243102.37213134766,431099.1622314453,100.65652465820312,여수로_피어_01,SPW_여수로_교각_도수면,,,"[[210.9704641350211,146.1181434599156],[235.58368495077357,146.1181434599156],[271.44866385372717,145.41490857946553],[296.06188466947964,150.33755274261603],[310.8298171589311,153.85372714486635],[310.126582278481,164.40225035161745],[296.06188466947964,167.21518987341773],[257.38396624472574,164.40225035161745],[235.58368495077357,160.88607594936707],[220.112517580872,160.182841068917],[208.86075949367088,158.0731364275668]]",output/overlay/TIRDEMO038_MAIN_047_morning_overlay.png,rawdata/TIR/morning/1-47.jpg,rawdata/RGB/morning/1-47 (2).jpg
TIRDFT000027,TIRDEMO039,MAIN_047,afternoon,243102.37213134766,431099.1622314453,100.65652465820312,여수로_피어_01,SPW_여수로_교각_도수면,,,"[[221.01449275362316,250.14492753623193],[240.5797101449275,244.34782608695656],[265.94202898550725,244.34782608695656],[284.78260869565213,244.34782608695656],[306.52173913043475,244.34782608695656],[319.5652173913043,246.5217391304348],[325.3623188405797,253.768115942029],[325.3623188405797,263.1884057971015],[305.07246376811594,263.1884057971015],[288.40579710144925,263.1884057971015],[265.2173913043478,262.46376811594206],[245.65217391304347,261.7391304347826],[236.231884057971,261.7391304347826],[225.3623188405797,261.0144927536232]]",output/overlay/TIRDEMO039_MAIN_047_afternoon_overlay.png,rawdata/TIR/afternoon/FLIR6795.jpg,rawdata/RGB/afternoon/FLIR6796.jpg
TIRDFT000028,TIRDEMO040,MAIN_047,evening,243102.37213134766,431099.1622314453,100.65652465820312,여수로_피어_01,SPW_여수로_교각_도수면,,,"[[146.9760900140647,286.7651195499297],[174.40225035161745,285.3586497890295],[198.31223628691984,285.3586497890295],[223.62869198312237,287.46835443037975],[241.9127988748242,288.1715893108298],[277.0745428973277,288.1715893108298],[303.0942334739803,292.39099859353024],[306.6104078762307,300.8298171589311],[286.9198312236287,303.6427566807314],[252.46132208157525,304.34599156118145],[219.40928270042195,304.34599156118145],[194.09282700421943,303.6427566807314],[163.85372714486638,300.126582278481],[154.0084388185654,297.31364275668074]]",output/overlay/TIRDEMO040_MAIN_047_evening_overlay.png,rawdata/TIR/evening/FLIR6985.jpg,rawdata/RGB/evening/FLIR6986.jpg
TIRDFT000029,TIRDEMO041,FIRST_003,daybreak,243038.57567214966,431267.9146499634,82.20950317382812,우안_비월류부,NOF_우안(청주측)_접속부(콘크리트_중력식),NOF_R_0085,NOF_R_0085,"[[229.09090909090912,49.91735537190084],[287.97520661157023,43.71900826446284],[369.58677685950414,49.91735537190084],[484.2561983471075,59.21487603305786],[519.3801652892562,66.44628099173553],[530.7438016528926,76.77685950413223],[522.4793388429752,99.50413223140498],[494.58677685950414,113.96694214876032],[461.52892561983475,135.6611570247934],[412.9752066115703,137.72727272727275],[373.71900826446284,136.69421487603307],[325.1652892561984,115.0],[292.10743801652893,106.73553719008265],[263.1818181818182,91.23966942148763],[236.3223140495868,76.77685950413223]]",output/overlay/TIRDEMO041_FIRST_003_daybreak_overlay.png,rawdata/TIR/daybreak/1st 1-3.jpg,rawdata/RGB/daybreak/1st 1-3 (2).jpg
TIRDFT000030,TIRDEMO042,FIRST_003,morning,243038.57567214966,431267.9146499634,82.20950317382812,우안_비월류부,NOF_우안(청주측)_접속부(콘크리트_중력식),NOF_R_0085,NOF_R_0085,"[[324.19127988748244,80.71729957805907],[383.9662447257384,73.68495077355836],[424.0506329113924,73.68495077355836],[462.72855133614627,70.87201125175808],[516.1744022503516,79.31082981715893],[546.4135021097047,84.93670886075948],[548.5232067510549,96.1884669479606],[549.929676511955,117.9887482419128],[518.2841068917019,132.05344585091422],[484.52883263009846,134.16315049226444],[444.44444444444446,134.16315049226444],[414.9085794655415,131.3502109704641],[380.4500703234881,126.42756680731362],[360.056258790436,113.06610407876231],[344.58509142053447,102.51758087201124],[338.25597749648387,96.1884669479606]]",output/overlay/TIRDEMO042_FIRST_003_morning_overlay.png,rawdata/TIR/morning/1st 2-3.jpg,rawdata/RGB/morning/1st 2-3 (2).jpg
TIRDFT000031,TIRDEMO043,FIRST_003,afternoon,243038.57567214966,431267.9146499634,82.20950317382812,우안_비월류부,NOF_우안(청주측)_접속부(콘크리트_중력식),NOF_R_0085,NOF_R_0085,"[[229.71014492753622,21.884057971014528],[249.99999999999997,21.884057971014528],[277.53623188405794,21.884057971014528],[294.2028985507246,24.05797101449278],[318.8405797101449,26.231884057971044],[336.231884057971,32.753623188405825],[358.695652173913,33.47826086956525],[396.3768115942029,34.92753623188409],[411.5942028985507,34.92753623188409],[422.463768115942,36.37681159420292],[431.88405797101444,40.72463768115945],[431.88405797101444,53.043478260869605],[426.8115942028985,63.18840579710148],[415.2173913043478,64.63768115942032],[396.3768115942029,68.26086956521742],[370.28985507246375,68.26086956521742],[351.4492753623188,68.26086956521742],[321.0144927536232,68.26086956521742],[278.9855072463768,61.0144927536232],[252.89855072463766,53.043478260869605],[237.68115942028984,42.173913043478294]]",output/overlay/TIRDEMO043_FIRST_003_afternoon_overlay.png,rawdata/TIR/afternoon/FLIR6849.jpg,rawdata/RGB/afternoon/FLIR6850.jpg
TIRDFT000032,TIRDEMO044,FIRST_003,evening,243038.57567214966,431267.9146499634,82.20950317382812,우안_비월류부,NOF_우안(청주측)_접속부(콘크리트_중력식),NOF_R_0085,NOF_R_0085,"[[316.52777777777777,22.552083333333343],[383.36805555555554,21.68402777777777],[428.50694444444446,24.288194444444457],[517.9166666666666,23.420138888888886],[555.2430555555555,24.288194444444457],[596.0416666666666,23.420138888888886],[609.0625,29.49652777777777],[609.9305555555555,48.59375],[602.1180555555555,62.482638888888886],[573.4722222222222,74.63541666666666],[537.0138888888889,74.63541666666666],[487.5347222222222,72.03125],[471.04166666666663,65.08680555555554],[427.6388888888889,63.35069444444443],[398.99305555555554,59.01041666666666],[369.4791666666667,52.06597222222223],[340.83333333333337,42.517361111111114],[329.54861111111114,39.91319444444446]]",output/overlay/TIRDEMO044_FIRST_003_evening_overlay.png,rawdata/TIR/evening/FLIR6991.jpg,rawdata/RGB/evening/FLIR6992.jpg
TIRDFT000033,TIRDEMO045,SECOND_001,daybreak,243035.4632911682,431239.50910949707,66.38006591796875,우안_비월류부,NOF_우안(청주측)_접속부(콘크리트_중력식),NOF_R_0162,NOF_R_0162,"[[170.2066115702479,215.20661157024796],[161.94214876033055,186.2809917355372],[169.17355371900828,171.8181818181818],[187.76859504132233,171.8181818181818],[207.39669421487605,175.95041322314052],[225.9917355371901,184.21487603305786],[229.09090909090912,199.71074380165288],[247.68595041322317,210.04132231404958],[254.91735537190084,213.1404958677686],[250.78512396694214,221.40495867768595],[223.92561983471074,221.40495867768595],[195.0,220.37190082644628]]",output/overlay/TIRDEMO045_SECOND_001_daybreak_overlay.png,rawdata/TIR/daybreak/2nd 1-1.jpg,rawdata/RGB/daybreak/2nd 1-1 (2).jpg
TIRDFT000034,TIRDEMO046,SECOND_001,morning,243035.4632911682,431239.50910949707,66.38006591796875,우안_비월류부,NOF_우안(청주측)_접속부(콘크리트_중력식),NOF_R_0162,NOF_R_0162,"[[31.645569620253166,108.84669479606187],[45.710267229254576,98.29817158931083],[71.02672292545711,94.78199718706047],[89.31082981715893,100.40787623066102],[98.45288326300985,122.91139240506327],[99.85935302390999,139.78902953586498],[97.04641350210971,153.85372714486635],[63.29113924050633,148.93108298171586],[40.78762306610408,146.8213783403657],[35.86497890295359,135.56962025316454],[29.535864978902953,126.42756680731362]]",output/overlay/TIRDEMO046_SECOND_001_morning_overlay.png,rawdata/TIR/morning/2nd 2-1.jpg,rawdata/RGB/morning/2nd 2-1 (2).jpg
TIRDFT000035,TIRDEMO047,SECOND_001,afternoon,243035.4632911682,431239.50910949707,66.38006591796875,우안_비월류부,NOF_우안(청주측)_접속부(콘크리트_중력식),NOF_R_0162,NOF_R_0162,"[[7.874015748031496,197.05082319255553],[15.032211882605583,188.46098783106657],[30.064423765211167,188.46098783106657],[45.09663564781675,189.176807444524],[52.97065139584824,191.32426628489623],[61.56048675733715,200.62992125984255],[60.84466714387974,220.67287043665],[52.97065139584824,225.68360773085186],[32.9277022190408,225.68360773085186],[19.327129563350034,223.53614889047964],[9.305654974946313,223.53614889047964],[4.294917680744453,218.52541159627776]]",output/overlay/TIRDEMO047_SECOND_001_afternoon_overlay.png,rawdata/TIR/afternoon/FLIR6851.jpg,rawdata/RGB/afternoon/FLIR6852.jpg
TIRDFT000036,TIRDEMO048,SECOND_001,evening,243035.4632911682,431239.50910949707,66.38006591796875,우안_비월류부,NOF_우안(청주측)_접속부(콘크리트_중력식),NOF_R_0162,NOF_R_0162,"[[25.31645569620253,192.53164556962025],[35.16174402250352,184.79606188466948],[61.18143459915612,186.2025316455696],[75.24613220815753,190.42194092827003],[82.27848101265823,200.97046413502113],[85.79465541490859,212.92545710267228],[80.16877637130803,217.14486638537272],[61.88466947960619,220.66104078762305],[40.084388185654014,220.66104078762305],[26.722925457102672,219.957805907173],[20.39381153305204,213.6286919831224],[18.28410689170183,206.59634317862168]]",output/overlay/TIRDEMO048_SECOND_001_evening_overlay.png,rawdata/TIR/evening/FLIR6993.jpg,rawdata/RGB/evening/FLIR6994.jpg
TIRDFT000037,TIRDEMO049,SECOND_002,daybreak,243034.72481536865,431241.7471008301,66.38919067382812,우안_비월류부,NOF_우안(청주측)_접속부(콘크리트_중력식),NOF_R_0161,NOF_R_0161,"[[36.37931034482757,172.75862068965517],[66.55172413793103,166.72413793103448],[89.82758620689656,171.8965517241379],[108.79310344827586,177.9310344827586],[105.34482758620688,196.0344827586207],[94.99999999999999,213.27586206896552],[64.82758620689653,222.75862068965517],[36.37931034482757,218.44827586206895],[14.827586206896527,210.68965517241378],[12.241379310344811,194.31034482758622],[21.724137931034463,182.24137931034483]]",output/overlay/TIRDEMO049_SECOND_002_daybreak_overlay.png,rawdata/TIR/daybreak/2nd 1-2.jpg,rawdata/RGB/daybreak/2nd 1-2 (2).jpg
TIRDFT000038,TIRDEMO050,SECOND_002,morning,243034.72481536865,431241.7471008301,66.38919067382812,우안_비월류부,NOF_우안(청주측)_접속부(콘크리트_중력식),NOF_R_0161,NOF_R_0161,"[[6.329113924050633,197.45428973277075],[20.39381153305204,196.04781997187064],[38.67791842475387,201.6736990154712],[42.897327707454295,217.14486638537272],[23.90998593530239,229.09985935302393],[7.032348804500703,235.42897327707453],[3.5161744022503516,229.80309423347398],[1.4064697609001406,213.6286919831224]]",output/overlay/TIRDEMO050_SECOND_002_morning_overlay.png,rawdata/TIR/morning/2nd 2-2.jpg,rawdata/RGB/morning/2nd 2-2 (2).jpg
TIRDFT000039,TIRDEMO051,SECOND_002,afternoon,243034.72481536865,431241.7471008301,66.38919067382812,우안_비월류부,NOF_우안(청주측)_접속부(콘크리트_중력식),NOF_R_0161,NOF_R_0161,"[[181.10236220472441,191.32426628489623],[193.98711524695776,176.29205440229066],[214.74588403722262,169.849677881174],[226.91481746599857,167.7022190408017],[245.52612741589118,167.7022190408017],[250.53686471009306,177.72369362920546],[254.1159627773801,195.61918396564067],[234.07301360057266,201.34574087329997],[215.46170365068002,207.78811739441664],[198.99785254115963,206.35647816750185],[188.9763779527559,200.62992125984255]]",output/overlay/TIRDEMO051_SECOND_002_afternoon_overlay.png,rawdata/TIR/afternoon/FLIR6853.jpg,rawdata/RGB/afternoon/FLIR6854.jpg
TIRDFT000040,TIRDEMO052,SECOND_002,evening,243034.72481536865,431241.7471008301,66.38919067382812,우안_비월류부,NOF_우안(청주측)_접속부(콘크리트_중력식),NOF_R_0161,NOF_R_0161,"[[176.51195499296767,208.7060478199719],[168.07313642756682,213.6286919831224],[162.44725738396625,228.39662447257388],[154.0084388185654,236.13220815752464],[154.71167369901548,250.90014064697613],[170.182841068917,255.1195499296765],[191.27988748241913,255.1195499296765],[219.40928270042195,248.0872011251758],[233.47398030942335,242.46132208157525],[241.20956399437412,224.8804500703235],[243.31926863572434,208.7060478199719],[242.6160337552743,201.6736990154712],[221.51898734177217,200.26722925457102],[208.86075949367088,200.97046413502113],[195.49929676511957,205.18987341772151],[183.54430379746836,207.29957805907173]]",output/overlay/TIRDEMO052_SECOND_002_evening_overlay.png,rawdata/TIR/evening/FLIR6995.jpg,rawdata/RGB/evening/FLIR6996.jpg
TIRDFT000041,TIRDEMO053,SECOND_006,daybreak,243036.8613166809,431246.5526123047,71.0933837890625,우안_비월류부,NOF_우안(청주측)_접속부(콘크리트_중력식),NOF_R_0143,NOF_R_0143,"[[270.59076262083784,215.29538131041892],[290.99892588614387,170.1825993555317],[306.0365198711063,155.14500537056927],[322.14822771213744,142.25563909774434],[350.07518796992474,126.14393125671319],[375.8539205155746,125.06981740064447],[368.33512352309344,134.73684210526318],[350.07518796992474,148.70032223415683],[330.74113856068743,163.73791621911926],[312.48120300751873,174.4790547798067],[310.3329752953813,193.81310418904405],[299.59183673469386,215.29538131041892],[292.0730397422126,231.40708915145007],[279.1836734693877,234.62943071965628]]",output/overlay/TIRDEMO053_SECOND_006_daybreak_overlay.png,rawdata/TIR/daybreak/2nd 1-6.jpg,rawdata/RGB/daybreak/2nd 1-6 (2).jpg
TIRDFT000042,TIRDEMO054,SECOND_006,morning,243036.8613166809,431246.5526123047,71.0933837890625,우안_비월류부,NOF_우안(청주측)_접속부(콘크리트_중력식),NOF_R_0143,NOF_R_0143,"[[166.66666666666669,257.9324894514768],[172.29254571026723,239.64838255977497],[173.69901547116737,219.957805907173],[184.24753867791844,196.7510548523207],[199.01547116736992,189.71870604781998],[215.8931082981716,173.54430379746833],[225.73839662447259,160.88607594936707],[248.94514767932492,152.44725738396625],[255.27426160337555,156.66666666666669],[241.20956399437412,170.73136427566806],[236.9901547116737,175.65400843881855],[236.9901547116737,186.2025316455696],[232.7707454289733,198.8607594936709],[218.70604781997187,201.6736990154712],[203.93811533052042,209.40928270042195],[196.20253164556962,228.39662447257388],[196.20253164556962,233.3192686357243],[201.12517580872012,249.49367088607596],[197.60900140646976,260.042194092827],[185.65400843881858,266.37130801687766],[178.62165963431787,271.29395218002816]]",output/overlay/TIRDEMO054_SECOND_006_morning_overlay.png,rawdata/TIR/morning/2nd 2-6.jpg,rawdata/RGB/morning/2nd 2-6 (2).jpg
TIRDFT000043,TIRDEMO055,SECOND_006,afternoon,243036.8613166809,431246.5526123047,71.0933837890625,우안_비월류부,NOF_우안(청주측)_접속부(콘크리트_중력식),NOF_R_0143,NOF_R_0143,"[[80.17179670722977,199.91410164638512],[85.18253400143163,182.0186113099499],[88.04581245526127,169.849677881174],[89.4774516821761,151.95418754473872],[95.91982820329277,134.77451682176093],[114.5311381531854,126.90050107372944],[120.25769506084467,119.02648532569795],[128.13171080887616,105.42591267000718],[144.59556191839656,96.83607730851828],[165.35433070866142,90.39370078740158],[186.11309949892626,92.54115962777381],[203.29277022190408,101.13099498926273],[204.00858983536148,111.86828919112385],[194.70293486041518,119.74230493915535],[176.09162491052254,119.74230493915535],[165.35433070866142,115.4473872584109],[156.7644953471725,116.1632068718683],[158.91195418754472,126.90050107372944],[158.91195418754472,136.20615604867572],[154.61703650680028,145.51181102362204],[146.74302075876878,151.23836793128135],[133.142448103078,161.25984251968504],[130.9949892627058,167.7022190408017],[130.2791696492484,174.8604151753758],[138.86900501073728,180.5869720830351],[143.16392269148176,190.60844667143886],[144.59556191839656,204.20901932712957],[146.74302075876878,218.52541159627776],[140.3006442376521,224.25196850393706],[129.563350035791,224.25196850393706],[105.22548317823909,227.11524695776666],[86.61417322834646,224.25196850393706],[73.01360057265569,216.37795275590554],[77.30851825340014,207.78811739441664]]",output/overlay/TIRDEMO055_SECOND_006_afternoon_overlay.png,rawdata/TIR/afternoon/FLIR6861.jpg,rawdata/RGB/afternoon/FLIR6862.jpg
TIRDFT000044,TIRDEMO056,SECOND_006,evening,243036.8613166809,431246.5526123047,71.0933837890625,우안_비월류부,NOF_우안(청주측)_접속부(콘크리트_중력식),NOF_R_0143,NOF_R_0143,"[[156.8213783403657,211.51898734177217],[162.44725738396625,189.01547116736992],[170.8860759493671,173.54430379746833],[182.13783403656822,166.51195499296762],[191.9831223628692,160.88607594936707],[201.12517580872012,152.44725738396625],[213.08016877637132,141.1954992967651],[220.112517580872,132.75668073136427],[241.9127988748242,126.42756680731362],[253.16455696202533,125.72433192686357],[259.49367088607596,134.16315049226444],[248.24191279887484,141.1954992967651],[236.28691983122363,148.2278481012658],[235.58368495077357,162.29254571026723],[232.06751054852322,173.54430379746833],[213.78340365682138,179.17018284106894],[213.08016877637132,189.01547116736992],[213.78340365682138,198.1575246132208],[215.8931082981716,202.37693389592124],[207.45428973277075,217.14486638537272],[203.93811533052042,222.06751054852322],[198.31223628691984,231.9127988748242],[183.54430379746836,237.53867791842475],[173.69901547116737,238.2419127988748],[165.26019690576652,234.72573839662448],[161.0407876230661,226.28691983122366],[156.8213783403657,222.06751054852322]]",output/overlay/TIRDEMO056_SECOND_006_evening_overlay.png,rawdata/TIR/evening/FLIR7003.jpg,rawdata/RGB/evening/FLIR7004.jpg
TIRDFT000045,TIRDEMO057,SECOND_007,daybreak,243033.76857757568,431250.7993850708,68.98190307617188,우안_비월류부,NOF_우안(청주측)_접속부(콘크리트_중력식),NOF_R_0142,NOF_R_0142,"[[461.7624521072797,215.09578544061299],[438.77394636015333,266.8199233716475],[434.9425287356322,329.0804597701149],[592.0306513409962,329.0804597701149],[611.1877394636016,243.83141762452107],[613.1034482758621,215.09578544061299],[566.168582375479,213.18007662835248],[513.4865900383143,215.09578544061299],[484.75095785440624,215.09578544061299]]",output/overlay/TIRDEMO057_SECOND_007_daybreak_overlay.png,rawdata/TIR/daybreak/2nd 1-7.jpg,rawdata/RGB/daybreak/2nd 1-7 (2).jpg
TIRDFT000046,TIRDEMO058,SECOND_007,morning,243033.76857757568,431250.7993850708,68.98190307617188,우안_비월류부,NOF_우안(청주측)_접속부(콘크리트_중력식),NOF_R_0142,NOF_R_0142,"[[484.0625,203.97569444444443],[523.9930555555555,198.76736111111111],[566.5277777777777,198.76736111111111],[599.5138888888889,199.63541666666666],[619.4791666666666,198.76736111111111],[620.3472222222222,267.34375],[603.8541666666666,282.10069444444446],[561.3194444444445,293.38541666666663],[508.36805555555554,300.3298611111111],[484.93055555555554,294.2534722222222],[475.38194444444446,256.92708333333326],[477.11805555555554,236.96180555555551]]",output/overlay/TIRDEMO058_SECOND_007_morning_overlay.png,rawdata/TIR/morning/2nd 2-7.jpg,rawdata/RGB/morning/2nd 2-7 (2).jpg
TIRDFT000047,TIRDEMO059,SECOND_007,afternoon,243033.76857757568,431250.7993850708,68.98190307617188,우안_비월류부,NOF_우안(청주측)_접속부(콘크리트_중력식),NOF_R_0142,NOF_R_0142,"[[594.0667976424362,253.75245579567778],[518.4282907662083,248.84086444007855],[477.17092337917484,248.84086444007855],[456.54223968565816,266.5225933202357],[451.630648330059,295.992141453831],[450.6483300589391,327.426326129666],[451.630648330059,357.8781925343811],[474.2239685658153,368.68369351669946],[517.4459724950884,372.61296660117875],[562.6326129666012,372.61296660117875],[598.9783889980354,372.61296660117875],[610.7662082514735,342.1611001964636],[622.5540275049116,318.5854616895874],[622.5540275049116,300.90373280943027],[622.5540275049116,295.0098231827112],[613.713163064833,275.3634577603143]]",output/overlay/TIRDEMO059_SECOND_007_afternoon_overlay.png,rawdata/TIR/afternoon/FLIR6863.jpg,rawdata/RGB/afternoon/FLIR6864.jpg
TIRDFT000048,TIRDEMO060,SECOND_007,evening,243033.76857757568,431250.7993850708,68.98190307617188,우안_비월류부,NOF_우안(청주측)_접속부(콘크리트_중력식),NOF_R_0142,NOF_R_0142,"[[589.9652777777777,309.01041666666663],[535.2777777777777,312.4826388888889],[497.9513888888889,311.61458333333326],[483.19444444444446,333.3159722222222],[481.45833333333337,370.6423611111111],[477.11805555555554,405.36458333333337],[512.7083333333334,420.98958333333337],[557.8472222222222,422.72569444444446],[591.7013888888889,426.19791666666663],[613.4027777777777,426.19791666666663],[625.5555555555555,413.17708333333337],[627.2916666666666,378.4548611111111],[622.9513888888889,332.44791666666663],[620.3472222222222,323.7673611111111]]",output/overlay/TIRDEMO060_SECOND_007_evening_overlay.png,rawdata/TIR/evening/FLIR7005.jpg,rawdata/RGB/evening/FLIR7006.jpg
TIRDFT000049,TIRDEMO061,SECOND_009,daybreak,243035.3454093933,431253.2456741333,71.99234008789062,우안_비월류부,NOF_우안(청주측)_접속부(콘크리트_중력식),NOF_R_0141,NOF_R_0141,"[[269.2337164750958,230.4214559386973],[277.8544061302682,220.8429118773946],[291.264367816092,215.09578544061299],[307.54789272030655,215.09578544061299],[306.59003831417624,230.4214559386973],[303.7164750957854,240.0],[288.39080459770116,240.95785440613025],[278.8122605363985,240.0]]",output/overlay/TIRDEMO061_SECOND_009_daybreak_overlay.png,rawdata/TIR/daybreak/2nd 1-9.jpg,rawdata/RGB/daybreak/2nd 1-9 (2).jpg
TIRDFT000050,TIRDEMO062,SECOND_009,morning,243035.3454093933,431253.2456741333,71.99234008789062,우안_비월류부,NOF_우안(청주측)_접속부(콘크리트_중력식),NOF_R_0141,NOF_R_0141,"[[292.22222222222223,238.69791666666666],[303.50694444444446,231.7534722222222],[320.0,230.01736111111111],[321.73611111111114,238.69791666666666],[316.52777777777777,252.58680555555551],[304.375,255.1909722222222],[292.22222222222223,255.1909722222222],[287.0138888888889,250.85069444444443]]",output/overlay/TIRDEMO062_SECOND_009_morning_overlay.png,rawdata/TIR/morning/2nd 2-9.jpg,rawdata/RGB/morning/2nd 2-9 (2).jpg
TIRDFT000051,TIRDEMO063,SECOND_009,afternoon,243035.3454093933,431253.2456741333,71.99234008789062,우안_비월류부,NOF_우안(청주측)_접속부(콘크리트_중력식),NOF_R_0141,NOF_R_0141,"[[270.0,222.1428571428571],[277.1428571428571,210.53571428571428],[293.2142857142857,210.53571428571428],[310.1785714285714,214.10714285714283],[320.0,219.46428571428572],[310.1785714285714,231.96428571428572],[303.92857142857144,236.4285714285714],[297.67857142857144,243.57142857142856],[286.07142857142856,241.78571428571428],[278.92857142857144,236.4285714285714]]",output/overlay/TIRDEMO063_SECOND_009_afternoon_overlay.png,rawdata/TIR/afternoon/FLIR6867.jpg,rawdata/RGB/afternoon/FLIR6868.jpg
TIRDFT000052,TIRDEMO064,SECOND_009,evening,243035.3454093933,431253.2456741333,71.99234008789062,우안_비월류부,NOF_우안(청주측)_접속부(콘크리트_중력식),NOF_R_0141,NOF_R_0141,"[[296.7651195499297,219.25457102672294],[292.54571026722925,230.50632911392404],[293.9521800281294,238.94514767932486],[306.6104078762307,244.57102672292547],[327.0042194092827,245.27426160337552],[345.2883263009845,243.86779184247536],[357.9465541490858,241.7580872011252],[352.32067510548524,230.50632911392404],[346.6947960618847,227.69338959212376],[337.55274261603375,219.957805907173],[321.37834036568216,212.22222222222223],[312.9395218002813,212.92545710267228]]",output/overlay/TIRDEMO064_SECOND_009_evening_overlay.png,rawdata/TIR/evening/FLIR7009.jpg,rawdata/RGB/evening/FLIR7010.jpg
TIRDFT000053,TIRDEMO065,SECOND_011,daybreak,243038.01514053345,431249.05183410645,73.5936279296875,우안_비월류부,NOF_우안(청주측)_접속부(콘크리트_중력식),NOF_R_0124,NOF_R_0124,"[[209.30232558139537,227.42928975487112],[218.10182275298556,273.3123821495915],[226.90131992457574,296.5681961030798],[233.8152105593966,312.2815839094909],[283.4695160276556,318.5669390320553],[330.6096794468888,318.5669390320553],[369.5788812067882,318.5669390320553],[380.2639849151477,312.2815839094909],[378.3783783783784,277.7121307353865],[368.3218101822753,247.5424261470773],[360.15084852294154,231.20050282840978],[331.86675047140164,225.5436832181018],[299.8114393463231,225.5436832181018],[275.2985543683218,225.5436832181018],[237.58642363293527,225.5436832181018],[225.01571338780641,224.91514770584538]]",output/overlay/TIRDEMO065_SECOND_011_daybreak_overlay.png,rawdata/TIR/daybreak/2nd 1-11.jpg,rawdata/RGB/daybreak/2nd 1-11 (2).jpg
TIRDFT000054,TIRDEMO066,SECOND_011,morning,243038.01514053345,431249.05183410645,73.5936279296875,우안_비월류부,NOF_우안(청주측)_접속부(콘크리트_중력식),NOF_R_0124,NOF_R_0124,"[[502.296231375986,207.1340929009641],[529.4653812445223,208.88694127957933],[581.1744084136722,213.26906222611746],[601.3321647677475,214.14548641542507],[608.3435582822085,246.5731814198072],[614.4785276073619,279.0008764241893],[614.4785276073619,292.14723926380367],[561.8930762489044,294.77651183172657],[528.5889570552147,292.14723926380367],[516.319018404908,286.0122699386503],[510.18404907975463,252.70815074496056],[505.80192813321645,231.67397020157756]]",output/overlay/TIRDEMO066_SECOND_011_morning_overlay.png,rawdata/TIR/morning/2nd 2-11.jpg,rawdata/RGB/morning/2nd 2-11 (2).jpg
TIRDFT000055,TIRDEMO067,SECOND_011,afternoon,243038.01514053345,431249.05183410645,73.5936279296875,우안_비월류부,NOF_우안(청주측)_접속부(콘크리트_중력식),NOF_R_0124,NOF_R_0124,"[[273.4430923407301,115.4473872584109],[284.89620615604866,143.36435218324982],[312.0973514674302,150.52254831782392],[350.7516105941303,154.101646385111],[395.84824624194704,154.101646385111],[408.01717967072295,151.23836793128135],[401.5748031496063,135.49033643521835],[380.10021474588405,114.01574803149607],[373.6578382247674,111.15246957766645],[344.3092340730136,111.15246957766645],[316.39226914817465,111.15246957766645],[299.92841803865423,111.15246957766645],[285.6120257695061,111.15246957766645]]",output/overlay/TIRDEMO067_SECOND_011_afternoon_overlay.png,rawdata/TIR/afternoon/FLIR6871.jpg,rawdata/RGB/afternoon/FLIR6872.jpg
TIRDFT000056,TIRDEMO068,SECOND_011,evening,243038.01514053345,431249.05183410645,73.5936279296875,우안_비월류부,NOF_우안(청주측)_접속부(콘크리트_중력식),NOF_R_0124,NOF_R_0124,"[[627.2916666666666,154.49652777777777],[603.8541666666666,154.49652777777777],[589.0972222222222,155.36458333333331],[561.3194444444445,155.36458333333331],[537.0138888888889,155.36458333333331],[543.0902777777777,170.98958333333331],[543.9583333333334,189.21875],[551.7708333333334,197.89930555555554],[570.8680555555555,198.7673611111111],[615.1388888888889,198.7673611111111],[628.1597222222222,198.7673611111111],[635.1041666666666,199.63541666666669],[635.1041666666666,189.21875],[633.3680555555555,177.93402777777777],[632.5,161.44097222222223]]",output/overlay/TIRDEMO068_SECOND_011_evening_overlay.png,rawdata/TIR/evening/FLIR7015.jpg,rawdata/RGB/evening/FLIR7016.jpg
TIRDFT000057,TIRDEMO073,SECOND_018,daybreak,243033.7300415039,431260.49028015137,72.99740600585938,우안_비월류부,NOF_우안(청주측)_접속부(콘크리트_중력식),NOF_R_0122,NOF_R_0122,"[[291.25435540069685,435.1219512195122],[329.581881533101,428.1533101045296],[346.13240418118465,426.41114982578404],[394.91289198606273,429.8954703832753],[400.1393728222996,437.7351916376307],[399.2682926829268,446.44599303135885],[361.81184668989545,447.31707317073176],[330.45296167247386,450.80139372822305],[306.93379790940764,450.80139372822305],[290.383275261324,450.80139372822305],[278.1881533101045,450.80139372822305],[278.1881533101045,438.6062717770035]]",output/overlay/TIRDEMO073_SECOND_018_daybreak_overlay.png,rawdata/TIR/daybreak/2nd 1-18.jpg,rawdata/RGB/daybreak/2nd 1-18 (2).jpg
TIRDFT000058,TIRDEMO074,SECOND_018,morning,243033.7300415039,431260.49028015137,72.99740600585938,우안_비월류부,NOF_우안(청주측)_접속부(콘크리트_중력식),NOF_R_0122,NOF_R_0122,"[[633.3680555555555,286.4409722222222],[571.7361111111111,278.6284722222222],[550.0347222222222,278.6284722222222],[545.6944444444445,289.0451388888889],[549.1666666666666,301.19791666666663],[586.4930555555555,302.9340277777777],[615.1388888888889,310.7465277777777],[631.6319444444445,311.61458333333326],[635.9722222222222,314.21875]]",output/overlay/TIRDEMO074_SECOND_018_morning_overlay.png,rawdata/TIR/morning/2nd 2-18.jpg,rawdata/RGB/morning/2nd 2-18 (2).jpg
TIRDFT000059,TIRDEMO075,SECOND_018,afternoon,243033.7300415039,431260.49028015137,72.99740600585938,우안_비월류부,NOF_우안(청주측)_접속부(콘크리트_중력식),NOF_R_0122,NOF_R_0122,"[[627.05798138869,281.51753758052973],[594.8460987831066,281.51753758052973],[572.655690765927,282.94917680744453],[570.5082319255547,291.5390121689335],[571.2240515390122,300.84466714387975],[602.0042949176807,297.2655690765927],[625.6263421617753,297.2655690765927],[634.9319971367215,298.6972083035075]]",output/overlay/TIRDEMO075_SECOND_018_afternoon_overlay.png,rawdata/TIR/afternoon/FLIR6885.jpg,rawdata/RGB/afternoon/FLIR6886.jpg
TIRDFT000060,TIRDEMO076,SECOND_018,evening,243033.7300415039,431260.49028015137,72.99740600585938,우안_비월류부,NOF_우안(청주측)_접속부(콘크리트_중력식),NOF_R_0122,NOF_R_0122,"[[620.3472222222222,307.27430555555554],[596.0416666666666,302.93402777777777],[561.3194444444445,302.06597222222223],[530.0694444444445,298.59375],[471.04166666666663,298.59375],[437.1875,298.59375],[432.84722222222223,315.9548611111111],[452.8125,325.50347222222223],[489.27083333333337,325.50347222222223],[524.8611111111111,328.10763888888886],[566.5277777777777,330.71180555555554],[595.1736111111111,330.71180555555554],[615.1388888888889,328.10763888888886]]",output/overlay/TIRDEMO076_SECOND_018_evening_overlay.png,rawdata/TIR/evening/FLIR7031.jpg,rawdata/RGB/evening/FLIR7032.jpg
TIRDFT000061,TIRDEMO077,SECOND_020,daybreak,243036.34979248047,431262.1449508667,76.98846435546875,우안_비월류부,NOF_우안(청주측)_접속부(콘크리트_중력식),NOF_R_0104,NOF_R_0104,"[[444.37460716530484,220.51539912005026],[463.23067253299814,215.48711502199873],[482.0867379006914,215.48711502199873],[495.2859836580767,220.51539912005026],[495.2859836580767,228.05782526712758],[480.20113136392206,229.9434318038969],[452.5455688246386,231.20050282840978],[444.37460716530484,231.20050282840978]]",output/overlay/TIRDEMO077_SECOND_020_daybreak_overlay.png,rawdata/TIR/daybreak/2nd 1-20.jpg,rawdata/RGB/daybreak/2nd 1-20 (2).jpg
TIRDFT000062,TIRDEMO078,SECOND_020,morning,243036.34979248047,431262.1449508667,76.98846435546875,우안_비월류부,NOF_우안(청주측)_접속부(콘크리트_중력식),NOF_R_0104,NOF_R_0104,"[[488.7482419127989,261.44866385372717],[495.0773558368495,252.30661040787624],[518.2841068917019,249.49367088607596],[529.535864978903,249.49367088607596],[536.5682137834037,259.33895921237695],[536.5682137834037,267.77777777777777],[508.4388185654009,267.77777777777777],[499.29676511954995,268.4810126582279]]",output/overlay/TIRDEMO078_SECOND_020_morning_overlay.png,rawdata/TIR/morning/2nd 2-20.jpg,rawdata/RGB/morning/2nd 2-20 (2).jpg
TIRDFT000063,TIRDEMO079,SECOND_020,afternoon,243036.34979248047,431262.1449508667,76.98846435546875,우안_비월류부,NOF_우안(청주측)_접속부(콘크리트_중력식),NOF_R_0104,NOF_R_0104,"[[612.0257695060844,222.8203292770222],[607.73085182534,214.23049391553332],[594.1302791696493,214.23049391553332],[574.8031496062993,214.23049391553332],[563.3500357909807,216.37795275590554],[563.3500357909807,228.5468861846815],[565.4974946313529,234.98926270579818],[580.5297065139584,234.98926270579818],[594.1302791696493,234.98926270579818],[613.4574087329993,234.98926270579818]]",output/overlay/TIRDEMO079_SECOND_020_afternoon_overlay.png,rawdata/TIR/afternoon/FLIR6889.jpg,rawdata/RGB/afternoon/FLIR6890.jpg
TIRDFT000064,TIRDEMO080,SECOND_020,evening,243036.34979248047,431262.1449508667,76.98846435546875,우안_비월류부,NOF_우안(청주측)_접속부(콘크리트_중력식),NOF_R_0104,NOF_R_0104,"[[535.1617440225035,241.7580872011252],[510.5485232067511,238.94514767932486],[495.0773558368495,241.05485232067508],[493.6708860759494,249.49367088607596],[498.5935302390999,261.4486638537271],[521.8002812939523,260.042194092827],[543.6005625879044,260.042194092827],[555.5555555555555,260.042194092827],[551.3361462728552,248.79043600562585],[545.0070323488045,241.7580872011252]]",output/overlay/TIRDEMO080_SECOND_020_evening_overlay.png,rawdata/TIR/evening/FLIR7035.jpg,rawdata/RGB/evening/FLIR7036.jpg
