image,damage_id,damage_type,damage_name_ko,pixel_nodes_json,world_center_x_m,world_center_y_m,world_center_z_m,member_name,grid_id,freq_mhz,line_no,x_m,t_ns,source_data_path,overlay_path,mapping_status
400_LINE_001.DZT,G000001,ANM,GPR 이상 후보,"[[930.6274509803922,68.33333333333333]]",243030.35870196138,431255.99038579786,66.83210681095052,NOF_우안(청주측)_접속부(콘크리트_중력식),NOF_R_0158,400,1,8.460334052554428,4.852701462100553,../../Data/processed data/400MHz/400_LINE_001.DZT,../Overlay/ANM/400/LINE_001_anomaly.png,line_surface_projection_anchor_fit
400_LINE_001.DZT,G000002,ANM,GPR 이상 후보,"[[1765.3125,222.14583333333334]]",243032.7239537961,431248.8570135406,66.83210681095052,NOF_우안(청주측)_접속부(콘크리트_중력식),NOF_R_0160,400,1,16.04845573963696,15.775718198286036,../../Data/processed data/400MHz/400_LINE_001.DZT,../Overlay/ANM/400/LINE_001_anomaly.png,line_surface_projection_anchor_fit
400_LINE_001.DZT,G000003,ANM,GPR 이상 후보,"[[380.40384615384613,230.65384615384616]]",243028.79953016076,431260.69269812823,66.83210681095052,NOF_우안(청주측)_접속부(콘크리트_중력식),NOF_R_0157,400,1,3.458251322747483,16.379915948339782,../../Data/processed data/400MHz/400_LINE_001.DZT,../Overlay/ANM/400/LINE_001_anomaly.png,line_surface_projection_anchor_fit
400_LINE_001.DZT,G000004,ANM,GPR 이상 후보,"[[394.3703703703704,232.5185185185185]]",243028.83910718095,431260.5733376383,66.83210681095052,NOF_우안(청주측)_접속부(콘크리트_중력식),NOF_R_0157,400,1,3.585220992834483,16.512335923613694,../../Data/processed data/400MHz/400_LINE_001.DZT,../Overlay/ANM/400/LINE_001_anomaly.png,line_surface_projection_anchor_fit
400_LINE_001.DZT,G000005,ANM,GPR 이상 후보,"[[411.1842105263158,317.86842105263156]]",243028.88675265672,431260.4296434616,66.83210681095052,NOF_우안(청주측)_접속부(콘크리트_중력식),NOF_R_0157,400,1,3.7380756118076226,22.5734714867956,../../Data/processed data/400MHz/400_LINE_001.DZT,../Overlay/ANM/400/LINE_001_anomaly.png,line_surface_projection_anchor_fit
400_LINE_002.DZT,G000006,ANM,GPR 이상 후보,"[[2269.7608695652175,196.67391304347825]]",243033.69770336707,431244.39480294986,66.19218663917381,NOF_우안(청주측)_접속부(콘크리트_중력식),NOF_R_0161,400,2,20.63439581081383,13.96682612755791,../../Data/processed data/400MHz/400_LINE_002.DZT,../Overlay/ANM/400/LINE_002_anomaly.png,line_surface_projection_anchor_fit
400_LINE_002.DZT,G000007,ANM,GPR 이상 후보,"[[895.6842105263158,336.44736842105266]]",243029.80397441782,431256.13791531353,66.19218663917381,NOF_우안(청주측)_접속부(콘크리트_중력식),NOF_R_0158,400,2,8.142665057502992,23.8928580974155,../../Data/processed data/400MHz/400_LINE_002.DZT,../Overlay/ANM/400/LINE_002_anomaly.png,line_surface_projection_anchor_fit
400_LINE_003.DZT,G000008,ANM,GPR 이상 후보,"[[64.375,30.270833333333332]]",243027.22043437525,431263.1668861044,65.87222655328546,NOF_우안(청주측)_접속부(콘크리트_중력식),NOF_R_0157,400,3,0.5852331177846014,2.1496875684244214,../../Data/processed data/400MHz/400_LINE_003.DZT,../Overlay/ANM/400/LINE_003_anomaly.png,line_surface_projection_anchor_fit
400_LINE_003.DZT,G000009,ANM,GPR 이상 후보,"[[915.5,276.8235294117647]]",243029.63227219385,431255.8930149962,65.87222655328546,NOF_우안(청주측)_접속부(콘크리트_중력식),NOF_R_0158,400,3,8.322810397387226,19.65866262322399,../../Data/processed data/400MHz/400_LINE_003.DZT,../Overlay/ANM/400/LINE_003_anomaly.png,line_surface_projection_anchor_fit
400_LINE_003.DZT,G000010,ANM,GPR 이상 후보,"[[702.241935483871,286.53225806451616]]",243029.02796158716,431257.715557718,65.87222655328546,NOF_우안(청주측)_접속부(콘크리트_중력식),NOF_R_0158,400,3,6.384081356773883,20.34812938022415,../../Data/processed data/400MHz/400_LINE_003.DZT,../Overlay/ANM/400/LINE_003_anomaly.png,line_surface_projection_anchor_fit
400_LINE_003.DZT,G000011,ANM,GPR 이상 후보,"[[697.12,338.8]]",243029.01344752905,431257.75933072256,65.87222655328546,NOF_우안(청주측)_접속부(콘크리트_중력식),NOF_R_0158,400,3,6.3375178418640985,24.059930566239032,../../Data/processed data/400MHz/400_LINE_003.DZT,../Overlay/ANM/400/LINE_003_anomaly.png,line_surface_projection_anchor_fit
400_LINE_004.DZT,G000012,ANM,GPR 이상 후보,"[[3.878787878787879,223.93939393939394]]",243028.01621681429,431262.98785665387,66.80390068144798,NOF_우안(청주측)_접속부(콘크리트_중력식),NOF_R_0157,400,4,0.03526206017131109,15.90308816182842,../../Data/processed data/400MHz/400_LINE_004.DZT,../Overlay/ANM/400/LINE_004_anomaly.png,line_surface_projection_anchor_fit
400_LINE_005.DZT,G000013,ANM,GPR 이상 후보,"[[47.32203389830509,40.42372881355932]]",243028.73542065776,431260.06571302394,66.48798605514473,NOF_우안(청주측)_접속부(콘크리트_중력식),NOF_R_0158,400,5,0.43020460486545525,2.870696896348033,../../Data/processed data/400MHz/400_LINE_005.DZT,../Overlay/ANM/400/LINE_005_anomaly.png,line_surface_projection_anchor_fit
400_LINE_005.DZT,G000014,ANM,GPR 이상 후보,"[[108.57446808510639,39.12765957446808]]",243028.41822128478,431259.96053746715,66.04256492230408,NOF_우안(청주측)_접속부(콘크리트_중력식),NOF_R_0158,400,5,0.9870504771922566,2.7786563535452777,../../Data/processed data/400MHz/400_LINE_005.DZT,../Overlay/ANM/400/LINE_005_anomaly.png,line_surface_projection_anchor_fit
400_LINE_005.DZT,G000015,ANM,GPR 이상 후보,"[[160.0,73.1842105263158]]",243028.15191110963,431259.8722355242,65.66860396897106,NOF_우안(청주측)_접속부(콘크리트_중력식),NOF_R_0158,400,5,1.4545599820665822,5.197187201322839,../../Data/processed data/400MHz/400_LINE_005.DZT,../Overlay/ANM/400/LINE_005_anomaly.png,line_surface_projection_anchor_fit
400_LINE_005.DZT,G000016,ANM,GPR 이상 후보,"[[167.175,323.675]]",243028.11475494545,431259.8599154485,65.61642813840105,NOF_우안(청주측)_접속부(콘크리트_중력식),NOF_R_0158,400,5,1.5197879062623807,22.985826523103363,../../Data/processed data/400MHz/400_LINE_005.DZT,../Overlay/ANM/400/LINE_005_anomaly.png,line_surface_projection_anchor_fit
400_LINE_007.DZT,G000017,ANM,GPR 이상 후보,"[[163.37777777777777,63.31111111111111]]",243029.7080478806,431255.12052236364,65.64404113119593,NOF_우안(청주측)_접속부(콘크리트_중력식),NOF_R_0159,400,7,1.4852673594657655,4.4960476310648705,../../Data/processed data/400MHz/400_LINE_007.DZT,../Overlay/ANM/400/LINE_007_anomaly.png,line_surface_projection_anchor_fit
400_LINE_007.DZT,G000018,ANM,GPR 이상 후보,"[[196.08,82.82666666666667]]",243029.5386974781,431255.06436991063,65.40623407810469,NOF_우안(청주측)_접속부(콘크리트_중력식),NOF_R_0159,400,7,1.7825632580225965,5.8819476063548555,../../Data/processed data/400MHz/400_LINE_007.DZT,../Overlay/ANM/400/LINE_007_anomaly.png,line_surface_projection_anchor_fit
400_LINE_007.DZT,G000019,ANM,GPR 이상 후보,"[[196.9,98.06]]",243029.53445105933,431255.062961902,65.40027112603954,NOF_우안(청주측)_접속부(콘크리트_중력식),NOF_R_0159,400,7,1.790017877930688,6.963744956686539,../../Data/processed data/400MHz/400_LINE_007.DZT,../Overlay/ANM/400/LINE_007_anomaly.png,line_surface_projection_anchor_fit
400_LINE_007.DZT,G000020,ANM,GPR 이상 후보,"[[28.24418604651163,274.98837209302326]]",243030.4078452214,431255.3525580523,66.62671811885981,NOF_우안(청주측)_접속부(콘크리트_중력식),NOF_R_0159,400,7,0.2567678921831198,19.528338663167776,../../Data/processed data/400MHz/400_LINE_007.DZT,../Overlay/ANM/400/LINE_007_anomaly.png,line_surface_projection_anchor_fit
400_LINE_008.DZT,G000021,ANM,GPR 이상 후보,"[[8.955223880597014,46.38805970149254]]",243031.45191153546,431252.5381308749,66.76698538322779,NOF_우안(청주측)_접속부(콘크리트_중력식),NOF_R_0159,400,8,0.08141193929477139,3.2942547093283983,../../Data/processed data/400MHz/400_LINE_008.DZT,../Overlay/ANM/400/LINE_008_anomaly.png,line_surface_projection_anchor_fit
400_LINE_008.DZT,G000022,ANM,GPR 이상 후보,"[[121.15,188.075]]",243030.8709042154,431252.34548305284,65.9511170027892,NOF_우안(청주측)_접속부(콘크리트_중력식),NOF_R_0159,400,8,1.1013746364210402,13.356173085139924,../../Data/processed data/400MHz/400_LINE_008.DZT,../Overlay/ANM/400/LINE_008_anomaly.png,line_surface_projection_anchor_fit
400_LINE_008.DZT,G000023,ANM,GPR 이상 후보,"[[133.82857142857142,202.88571428571427]]",243030.80524747932,431252.3237128844,65.85891979098055,NOF_우안(청주측)_접속부(콘크리트_중력식),NOF_R_0159,400,8,1.2166355278571197,14.407958083223425,../../Data/processed data/400MHz/400_LINE_008.DZT,../Overlay/ANM/400/LINE_008_anomaly.png,line_surface_projection_anchor_fit
400_LINE_008.DZT,G000024,ANM,GPR 이상 후보,"[[132.48076923076923,271.21153846153845]]",243030.81222715316,431252.3260271736,65.86872086402786,NOF_우안(청주측)_접속부(콘크리트_중력식),NOF_R_0159,400,8,1.2043826582279669,19.26012628142704,../../Data/processed data/400MHz/400_LINE_008.DZT,../Overlay/ANM/400/LINE_008_anomaly.png,line_surface_projection_anchor_fit
400_LINE_008.DZT,G000025,ANM,GPR 이상 후보,"[[6.78125,339.25]]",243031.4631695885,431252.54186377005,66.78279428815569,NOF_우안(청주측)_접속부(콘크리트_중력식),NOF_R_0159,400,8,0.06164834298993132,24.09188738074555,../../Data/processed data/400MHz/400_LINE_008.DZT,../Overlay/ANM/400/LINE_008_anomaly.png,line_surface_projection_anchor_fit
400_LINE_008.DZT,G000026,ANM,GPR 이상 후보,"[[74.98,347.88]]",243031.10999830603,431252.4247608076,66.28686029162789,NOF_우안(청주측)_접속부(콘크리트_중력식),NOF_R_0159,400,8,0.6816431715959521,24.704748067837176,../../Data/processed data/400MHz/400_LINE_008.DZT,../Overlay/ANM/400/LINE_008_anomaly.png,line_surface_projection_anchor_fit
400_LINE_009.DZT,G000027,ANM,GPR 이상 후보,"[[9.619047619047619,45.42857142857143]]",243032.3926511612,431249.689443094,66.76215812818866,NOF_우안(청주측)_접속부(콘크리트_중력식),NOF_R_0160,400,9,0.08744676082662191,3.2261165120863606,../../Data/processed data/400MHz/400_LINE_009.DZT,../Overlay/ANM/400/LINE_009_anomaly.png,line_surface_projection_anchor_fit
400_LINE_009.DZT,G000028,ANM,GPR 이상 후보,"[[10.0,55.484375]]",243032.39067837663,431249.68878896686,66.75938788332681,NOF_우안(청주측)_접속부(콘크리트_중력식),NOF_R_0160,400,9,0.09090999887916139,3.9402308441888096,../../Data/processed data/400MHz/400_LINE_009.DZT,../Overlay/ANM/400/LINE_009_anomaly.png,line_surface_projection_anchor_fit
400_LINE_009.DZT,G000029,ANM,GPR 이상 후보,"[[129.40677966101694,97.22033898305085]]",243031.77232326736,431249.483757531,65.89107458653174,NOF_우안(청주측)_접속부(콘크리트_중력식),NOF_R_0160,400,9,1.1764370193938936,6.904116309204325,../../Data/processed data/400MHz/400_LINE_009.DZT,../Overlay/ANM/400/LINE_009_anomaly.png,line_surface_projection_anchor_fit
400_LINE_009.DZT,G000030,ANM,GPR 이상 후보,"[[219.86363636363637,201.77272727272728]]",243031.3038870557,431249.3284355361,65.23328202496909,NOF_우안(청주측)_접속부(콘크리트_중력식),NOF_R_0160,400,9,1.998780293538653,14.328919150951899,../../Data/processed data/400MHz/400_LINE_009.DZT,../Overlay/ANM/400/LINE_009_anomaly.png,line_surface_projection_anchor_fit
400_LINE_009.DZT,G000031,ANM,GPR 이상 후보,"[[215.8961038961039,213.87012987012986]]",243031.32443315853,431249.33524812147,65.2621334956042,NOF_우안(청주측)_접속부(콘크리트_중력식),NOF_R_0160,400,9,1.9627114563210117,15.18801793054265,../../Data/processed data/400MHz/400_LINE_009.DZT,../Overlay/ANM/400/LINE_009_anomaly.png,line_surface_projection_anchor_fit
400_LINE_010.DZT,G000032,ANM,GPR 이상 후보,"[[95.0,107.81395348837209]]",243032.89467809835,431246.69528891175,66.14127699852521,NOF_우안(청주측)_접속부(콘크리트_중력식),NOF_R_0160,400,10,0.8636449893520332,7.656423361871184,../../Data/processed data/400MHz/400_LINE_010.DZT,../Overlay/ANM/400/LINE_010_anomaly.png,line_surface_projection_anchor_fit
400_LINE_010.DZT,G000033,ANM,GPR 이상 후보,"[[59.717948717948715,118.25641025641026]]",243033.07738829905,431246.75587114715,66.3978442918848,NOF_우안(청주측)_접속부(콘크리트_중력식),NOF_R_0160,400,10,0.5428958651014535,8.397995926156755,../../Data/processed data/400MHz/400_LINE_010.DZT,../Overlay/ANM/400/LINE_010_anomaly.png,line_surface_projection_anchor_fit
400_LINE_011.DZT,G000034,ANM,GPR 이상 후보,"[[7.630952380952381,361.2738095238095]]",243034.2913011835,431243.99776093994,66.77661534356147,NOF_우안(청주측)_접속부(콘크리트_중력식),NOF_R_0161,400,11,0.06937298723993149,25.655911371143812,../../Data/processed data/400MHz/400_LINE_011.DZT,../Overlay/ANM/400/LINE_011_anomaly.png,line_surface_projection_anchor_fit
400_LINE_011.DZT,G000035,ANM,GPR 이상 후보,"[[7.326530612244898,374.51020408163265]]",243034.2928776497,431243.9982836576,66.77882906601805,NOF_우안(청주측)_접속부(콘크리트_중력식),NOF_R_0161,400,11,0.06660548897473254,26.595895828075832,../../Data/processed data/400MHz/400_LINE_011.DZT,../Overlay/ANM/400/LINE_011_anomaly.png,line_surface_projection_anchor_fit
400_LINE_012.DZT,G000036,ANM,GPR 이상 후보,"[[185.53061224489795,22.020408163265305]]",243034.6289402509,431239.89556174574,65.48294809456847,NOF_우안(청주측)_접속부(콘크리트_중력식),NOF_R_0162,400,12,1.68665877512338,1.5637824422916364,../../Data/processed data/400MHz/400_LINE_012.DZT,../Overlay/ANM/400/LINE_012_anomaly.png,line_surface_projection_anchor_fit
400_LINE_012.DZT,G000037,ANM,GPR 이상 후보,"[[187.68965517241378,38.3448275862069]]",243034.6177595187,431239.8918544883,65.46724776593021,NOF_우안(청주측)_접속부(콘크리트_중력식),NOF_R_0162,400,12,1.7062866341354324,2.723063427681656,../../Data/processed data/400MHz/400_LINE_012.DZT,../Overlay/ANM/400/LINE_012_anomaly.png,line_surface_projection_anchor_fit
400_LINE_012.DZT,G000038,ANM,GPR 이상 후보,"[[100.4047619047619,92.11904761904762]]",243035.06976952907,431240.04172995646,66.10197414954763,NOF_우안(청주측)_접속부(콘크리트_중력식),NOF_R_0162,400,12,0.912779679222437,6.541847371730676,../../Data/processed data/400MHz/400_LINE_012.DZT,../Overlay/ANM/400/LINE_012_anomaly.png,line_surface_projection_anchor_fit
400_LINE_012.DZT,G000039,ANM,GPR 이상 후보,"[[97.01851851851852,313.9074074074074]]",243035.08730539182,431240.04754441977,66.12659854831969,NOF_우안(청주측)_접속부(콘크리트_중력식),NOF_R_0162,400,12,0.8819953409776417,22.292179534977365,../../Data/processed data/400MHz/400_LINE_012.DZT,../Overlay/ANM/400/LINE_012_anomaly.png,line_surface_projection_anchor_fit
400_LINE_012.DZT,G000040,ANM,GPR 이상 후보,"[[87.5,321.0]]",243035.13659760603,431240.06388851284,66.19581619424301,NOF_우안(청주측)_접속부(콘크리트_중력식),NOF_R_0162,400,12,0.7954624901926621,22.79586101464796,../../Data/processed data/400MHz/400_LINE_012.DZT,../Overlay/ANM/400/LINE_012_anomaly.png,line_surface_projection_anchor_fit
400_LINE_012.DZT,G000041,ANM,GPR 이상 후보,"[[72.6,331.03333333333336]]",243035.21375814208,431240.0894730601,66.30416739640233,NOF_우안(청주측)_접속부(콘크리트_중력식),NOF_R_0162,400,12,0.6600065918627116,23.50837961957102,../../Data/processed data/400MHz/400_LINE_012.DZT,../Overlay/ANM/400/LINE_012_anomaly.png,line_surface_projection_anchor_fit
900_LINE_001.DZT,G000042,ANM,GPR 이상 후보,"[[2823.568181818182,130.95454545454547]]",243035.72273902176,431239.81296545244,66.83210681095052,NOF_우안(청주측)_접속부(콘크리트_중력식),NOF_R_0162,900,1,25.66905802443267,5.672089256397921,../../Data/processed data/900MHz/900_LINE_001.DZT,../Overlay/ANM/900/LINE_001_anomaly.png,line_surface_projection_anchor_fit
900_LINE_001.DZT,G000043,ANM,GPR 이상 후보,"[[916.1666666666666,162.46296296296296]]",243030.31772435352,431256.1139703257,66.83210681095052,NOF_우안(청주측)_접속부(콘크리트_중력식),NOF_R_0158,900,1,8.328871063979168,7.036826584264318,../../Data/processed data/900MHz/900_LINE_001.DZT,../Overlay/ANM/900/LINE_001_anomaly.png,line_surface_projection_anchor_fit
900_LINE_001.DZT,G000044,ANM,GPR 이상 후보,"[[1346.7916666666667,162.875]]",243031.53798889826,431252.43376971356,66.83210681095052,NOF_우안(청주측)_접속부(콘크리트_중력식),NOF_R_0159,900,1,12.243682890713057,7.0546733175938385,../../Data/processed data/900MHz/900_LINE_001.DZT,../Overlay/ANM/900/LINE_001_anomaly.png,line_surface_projection_anchor_fit
900_LINE_001.DZT,G000045,ANM,GPR 이상 후보,"[[812.8571428571429,170.71428571428572]]",243030.0249755604,431256.9968725556,66.83210681095052,NOF_우안(청주측)_접속부(콘크리트_중력식),NOF_R_0158,900,1,7.389684194606119,7.3942195939257855,../../Data/processed data/900MHz/900_LINE_001.DZT,../Overlay/ANM/900/LINE_001_anomaly.png,line_surface_projection_anchor_fit
900_LINE_001.DZT,G000046,ANM,GPR 이상 후보,"[[331.3529411764706,186.41176470588235]]",243028.66053432858,431261.111896202,66.83210681095052,NOF_우안(청주측)_접속부(콘크리트_중력식),NOF_R_0157,900,1,3.012329551095977,8.074131097812241,../../Data/processed data/900MHz/900_LINE_001.DZT,../Overlay/ANM/900/LINE_001_anomaly.png,line_surface_projection_anchor_fit
900_LINE_001.DZT,G000047,ANM,GPR 이상 후보,"[[391.13793103448273,198.79310344827587]]",243028.82994739895,431260.60096266057,66.83210681095052,NOF_우안(청주측)_접속부(콘크리트_중력식),NOF_R_0157,900,1,3.555834887194233,8.610409225591548,../../Data/processed data/900MHz/900_LINE_001.DZT,../Overlay/ANM/900/LINE_001_anomaly.png,line_surface_projection_anchor_fit
900_LINE_001.DZT,G000048,ANM,GPR 이상 후보,"[[710.1627906976744,231.34883720930233]]",243029.7339699827,431257.8745174152,66.83210681095052,NOF_우안(청주측)_접속부(콘크리트_중력식),NOF_R_0158,900,1,6.45608985063477,10.020509402405683,../../Data/processed data/900MHz/900_LINE_001.DZT,../Overlay/ANM/900/LINE_001_anomaly.png,line_surface_projection_anchor_fit
900_LINE_001.DZT,G000049,ANM,GPR 이상 후보,"[[2346.5238095238096,287.35714285714283]]",243034.3709356342,431243.889874575,66.83210681095052,NOF_우안(청주측)_접속부(콘크리트_중력식),NOF_R_0161,900,1,21.332247689373503,12.446420680486792,../../Data/processed data/900MHz/900_LINE_001.DZT,../Overlay/ANM/900/LINE_001_anomaly.png,line_surface_projection_anchor_fit
900_LINE_001.DZT,G000050,ANM,GPR 이상 후보,"[[1732.86,323.28]]",243032.63199295982,431249.1343585864,66.83210681095052,NOF_우안(청주측)_접속부(콘크리트_중력식),NOF_R_0160,900,1,15.75343006577436,14.002362487255477,../../Data/processed data/900MHz/900_LINE_001.DZT,../Overlay/ANM/900/LINE_001_anomaly.png,line_surface_projection_anchor_fit
900_LINE_001.DZT,G000051,ANM,GPR 이상 후보,"[[1803.3488372093022,323.1162790697674]]",243032.8317375841,431248.53194799286,66.83210681095052,NOF_우안(청주측)_접속부(콘크리트_중력식),NOF_R_0160,900,1,16.394244076943465,13.995271173806247,../../Data/processed data/900MHz/900_LINE_001.DZT,../Overlay/ANM/900/LINE_001_anomaly.png,line_surface_projection_anchor_fit
900_LINE_001.DZT,G000052,ANM,GPR 이상 후보,"[[1733.2388059701493,339.14925373134326]]",243032.63306638447,431249.1311212408,66.83210681095052,NOF_우안(청주측)_접속부(콘크리트_중력식),NOF_R_0160,900,1,15.75687379080653,14.689714142626983,../../Data/processed data/900MHz/900_LINE_001.DZT,../Overlay/ANM/900/LINE_001_anomaly.png,line_surface_projection_anchor_fit
900_LINE_001.DZT,G000053,ANM,GPR 이상 후보,"[[1802.5492957746478,338.943661971831]]",243032.82947191896,431248.5387810213,66.83210681095052,NOF_우안(청주측)_접속부(콘크리트_중력식),NOF_R_0160,900,1,16.386975445850638,14.680809260354389,../../Data/processed data/900MHz/900_LINE_001.DZT,../Overlay/ANM/900/LINE_001_anomaly.png,line_surface_projection_anchor_fit
900_LINE_001.DZT,G000054,ANM,GPR 이상 후보,"[[1803.2545454545455,353.45454545454544]]",243032.83147038904,431248.5327538276,66.83210681095052,NOF_우안(청주측)_접속부(콘크리트_중력식),NOF_R_0160,900,1,16.39338687061154,15.30932525433885,../../Data/processed data/900MHz/900_LINE_001.DZT,../Overlay/ANM/900/LINE_001_anomaly.png,line_surface_projection_anchor_fit
900_LINE_002.DZT,G000055,ANM,GPR 이상 후보,"[[709.95,169.0125]]",243029.27765831485,431257.72523410665,66.19218663917381,NOF_우안(청주측)_접속부(콘크리트_중력식),NOF_R_0158,900,2,6.454155370426063,7.3205094341662535,../../Data/processed data/900MHz/900_LINE_002.DZT,../Overlay/ANM/900/LINE_002_anomaly.png,line_surface_projection_anchor_fit
900_LINE_002.DZT,G000056,ANM,GPR 이상 후보,"[[2712.785714285714,193.96428571428572]]",243034.95310542328,431240.60863097955,66.19218663917381,NOF_우안(청주측)_접속부(콘크리트_중력식),NOF_R_0162,900,2,24.66193462451193,8.401256613935344,../../Data/processed data/900MHz/900_LINE_002.DZT,../Overlay/ANM/900/LINE_002_anomaly.png,line_surface_projection_anchor_fit
900_LINE_002.DZT,G000057,ANM,GPR 이상 후보,"[[687.58,218.3]]",243029.2142683169,431257.9164122493,66.19218663917381,NOF_우안(청주측)_접속부(콘크리트_중력식),NOF_R_0158,900,2,6.250789702933379,9.455319633035977,../../Data/processed data/900MHz/900_LINE_002.DZT,../Overlay/ANM/900/LINE_002_anomaly.png,line_surface_projection_anchor_fit
900_LINE_002.DZT,G000058,ANM,GPR 이상 후보,"[[643.3111111111111,222.8]]",243029.08882331126,431258.2947423323,66.19218663917381,NOF_우안(청주측)_접속부(콘크리트_중력식),NOF_R_0158,900,2,5.848341239006318,9.65023002400557,../../Data/processed data/900MHz/900_LINE_002.DZT,../Overlay/ANM/900/LINE_002_anomaly.png,line_surface_projection_anchor_fit
900_LINE_002.DZT,G000059,ANM,GPR 이상 후보,"[[688.2820512820513,238.94871794871796]]",243029.21625772366,431257.91041238967,66.19218663917381,NOF_우안(청주측)_접속부(콘크리트_중력식),NOF_R_0158,900,2,6.257172051059818,10.34968623045941,../../Data/processed data/900MHz/900_LINE_002.DZT,../Overlay/ANM/900/LINE_002_anomaly.png,line_surface_projection_anchor_fit
900_LINE_003.DZT,G000060,ANM,GPR 이상 후보,"[[588.9821428571429,163.39285714285714]]",243028.70701665993,431258.683496779,65.87222655328546,NOF_우안(청주측)_접속부(콘크리트_중력식),NOF_R_0158,900,3,5.354436594698893,7.077103481633989,../../Data/processed data/900MHz/900_LINE_003.DZT,../Overlay/ANM/900/LINE_003_anomaly.png,line_surface_projection_anchor_fit
900_LINE_003.DZT,G000061,ANM,GPR 이상 후보,"[[600.1846153846154,171.2]]",243028.7387611709,431258.58775838424,65.87222655328546,NOF_우안(청주측)_접속부(콘크리트_중력식),NOF_R_0158,900,3,5.45627827119053,7.415257540887582,../../Data/processed data/900MHz/900_LINE_003.DZT,../Overlay/ANM/900/LINE_003_anomaly.png,line_surface_projection_anchor_fit
900_LINE_003.DZT,G000062,ANM,GPR 이상 후보,"[[723.859649122807,197.40350877192984]]",243029.0892198269,431257.5308087532,65.87222655328546,NOF_우안(청주측)_접속부(콘크리트_중력식),NOF_R_0158,900,3,6.580607989042454,8.5502211274458,../../Data/processed data/900MHz/900_LINE_003.DZT,../Overlay/ANM/900/LINE_003_anomaly.png,line_surface_projection_anchor_fit
900_LINE_003.DZT,G000063,ANM,GPR 이상 후보,"[[744.4375,201.515625]]",243029.14753140157,431257.3549466472,65.87222655328546,NOF_우안(청주측)_접속부(콘크리트_중력식),NOF_R_0158,900,3,6.767681229060571,8.728330945607034,../../Data/processed data/900MHz/900_LINE_003.DZT,../Overlay/ANM/900/LINE_003_anomaly.png,line_surface_projection_anchor_fit
900_LINE_004.DZT,G000064,ANM,GPR 이상 후보,"[[56.73809523809524,109.28571428571429]]",243027.74248174773,431262.89709279843,66.41951346683787,NOF_우안(청주측)_접속부(콘크리트_중력식),NOF_R_0157,900,4,0.515806017450099,4.733538066404373,../../Data/processed data/900MHz/900_LINE_004.DZT,../Overlay/ANM/900/LINE_004_anomaly.png,line_surface_projection_anchor_fit
900_LINE_004.DZT,G000065,ANM,GPR 이상 후보,"[[89.28947368421052,136.28947368421052]]",243027.5739124987,431262.84119935683,66.18280333351034,NOF_우안(청주측)_접속부(콘크리트_중력식),NOF_R_0157,900,4,0.8117305952552488,5.9031632446287485,../../Data/processed data/900MHz/900_LINE_004.DZT,../Overlay/ANM/900/LINE_004_anomaly.png,line_surface_projection_anchor_fit
900_LINE_004.DZT,G000066,ANM,GPR 이상 후보,"[[77.48979591836735,158.87755102040816]]",243027.6350178317,431262.8614603913,66.2686093248541,NOF_우안(청주측)_접속부(콘크리트_중력식),NOF_R_0157,900,4,0.704459726008522,6.881530130150895,../../Data/processed data/900MHz/900_LINE_004.DZT,../Overlay/ANM/900/LINE_004_anomaly.png,line_surface_projection_anchor_fit
900_LINE_008.DZT,G000067,ANM,GPR 이상 후보,"[[13.87719298245614,148.19298245614036]]",243031.42642282578,431252.529679442,66.73119335173936,NOF_우안(청주측)_접속부(콘크리트_중력식),NOF_R_0159,900,8,0.1261575598480994,6.418744922105818,../../Data/processed data/900MHz/900_LINE_008.DZT,../Overlay/ANM/900/LINE_008_anomaly.png,line_surface_projection_anchor_fit
900_LINE_008.DZT,G000068,ANM,GPR 이상 후보,"[[30.0,182.5483870967742]]",243031.34292991087,431252.5019952328,66.61395002807937,NOF_우안(청주측)_접속부(콘크리트_중력식),NOF_R_0159,900,8,0.27272999663748415,7.906794999977922,../../Data/processed data/900MHz/900_LINE_008.DZT,../Overlay/ANM/900/LINE_008_anomaly.png,line_surface_projection_anchor_fit
900_LINE_008.DZT,G000069,ANM,GPR 이상 후보,"[[7.088235294117647,232.41176470588235]]",243031.4615798469,431252.5413366506,66.78056192401723,NOF_우안(청주측)_접속부(콘크리트_중력식),NOF_R_0159,900,8,0.06443914626434674,10.066548427723625,../../Data/processed data/900MHz/900_LINE_008.DZT,../Overlay/ANM/900/LINE_008_anomaly.png,line_surface_projection_anchor_fit
900_LINE_008.DZT,G000070,ANM,GPR 이상 후보,"[[5.2407407407407405,251.37037037037038]]",243031.4711472073,431252.5445089534,66.79399670628847,NOF_우안(청주측)_접속부(콘크리트_중력식),NOF_R_0159,900,8,0.047643573486671614,10.887710481568888,../../Data/processed data/900MHz/900_LINE_008.DZT,../Overlay/ANM/900/LINE_008_anomaly.png,line_surface_projection_anchor_fit
900_LINE_008.DZT,G000071,ANM,GPR 이상 후보,"[[203.38709677419354,270.2903225806452]]",243030.44503451936,431252.20427507383,65.35309765395849,NOF_우안(청주측)_접속부(콘크리트_중력식),NOF_R_0159,900,8,1.8489920739777823,11.707198322109033,../../Data/processed data/900MHz/900_LINE_008.DZT,../Overlay/ANM/900/LINE_008_anomaly.png,line_surface_projection_anchor_fit
900_LINE_008.DZT,G000072,ANM,GPR 이상 후보,"[[204.65853658536585,288.4146341463415]]",243030.43845029268,431252.20209190523,65.34385187999783,NOF_우안(청주측)_접속부(콘크리트_중력식),NOF_R_0159,900,8,1.860550733158642,12.492224245070046,../../Data/processed data/900MHz/900_LINE_008.DZT,../Overlay/ANM/900/LINE_008_anomaly.png,line_surface_projection_anchor_fit
900_LINE_009.DZT,G000073,ANM,GPR 이상 후보,"[[200.0,137.43589743589743]]",243031.40675207786,431249.3625430625,65.3777282584762,NOF_우안(청주측)_접속부(콘크리트_중력식),NOF_R_0160,900,9,1.8181999775832278,5.9528187783305535,../../Data/processed data/900MHz/900_LINE_009.DZT,../Overlay/ANM/900/LINE_009_anomaly.png,line_surface_projection_anchor_fit
900_LINE_009.DZT,G000074,ANM,GPR 이상 후보,"[[38.83783783783784,175.21621621621622]]",243032.2413399185,431249.6392719854,66.54968221907139,NOF_우안(청주측)_접속부(콘크리트_중력식),NOF_R_0160,900,9,0.353074779430689,7.589213601536721,../../Data/processed data/900MHz/900_LINE_009.DZT,../Overlay/ANM/900/LINE_009_anomaly.png,line_surface_projection_anchor_fit
900_LINE_009.DZT,G000075,ANM,GPR 이상 후보,"[[131.45454545454547,218.42424242424244]]",243031.76171879043,431249.4802413457,65.87618345327876,NOF_우안(청주측)_접속부(콘크리트_중력식),NOF_R_0160,900,9,1.1950532579933397,9.460700997365777,../../Data/processed data/900MHz/900_LINE_009.DZT,../Overlay/ANM/900/LINE_009_anomaly.png,line_surface_projection_anchor_fit
900_LINE_010.DZT,G000076,ANM,GPR 이상 후보,"[[15.787234042553191,87.19148936170212]]",243033.30488611743,431246.8313038616,66.71730373797861,NOF_우안(청주측)_접속부(콘크리트_중력식),NOF_R_0160,900,10,0.14352174291135691,3.776561617935638,../../Data/processed data/900MHz/900_LINE_010.DZT,../Overlay/ANM/900/LINE_010_anomaly.png,line_surface_projection_anchor_fit
900_LINE_010.DZT,G000077,ANM,GPR 이상 후보,"[[74.47826086956522,135.91304347826087]]",243033.00095114482,431246.7305264556,66.2905088847791,NOF_우안(청주측)_접속부(콘크리트_중력식),NOF_R_0160,900,10,0.6770818612174063,5.886858764936658,../../Data/processed data/900MHz/900_LINE_010.DZT,../Overlay/ANM/900/LINE_010_anomaly.png,line_surface_projection_anchor_fit
900_LINE_010.DZT,G000078,ANM,GPR 이상 후보,"[[71.6875,143.4375]]",243033.01540326592,431246.7353184257,66.310802998548,NOF_우안(청주측)_접속부(콘크리트_중력식),NOF_R_0160,900,10,0.6517110544649882,6.21276871215574,../../Data/processed data/900MHz/900_LINE_010.DZT,../Overlay/ANM/900/LINE_010_anomaly.png,line_surface_projection_anchor_fit
900_LINE_011.DZT,G000079,ANM,GPR 이상 후보,"[[143.39490445859872,146.59235668789808]]",243033.58823948412,431243.76464286976,65.78935444305706,NOF_우안(청주측)_접속부(콘크리트_중력식),NOF_R_0161,900,11,1.3036030603608664,6.349416345598239,../../Data/processed data/900MHz/900_LINE_011.DZT,../Overlay/ANM/900/LINE_011_anomaly.png,line_surface_projection_anchor_fit
900_LINE_011.DZT,G000080,ANM,GPR 이상 후보,"[[122.63636363636364,190.42424242424244]]",243033.69573882222,431243.800287022,65.94030832581967,NOF_우안(청주측)_접속부(콘크리트_중력식),NOF_R_0161,900,11,1.1148871680726247,8.247925231332763,../../Data/processed data/900MHz/900_LINE_011.DZT,../Overlay/ANM/900/LINE_011_anomaly.png,line_surface_projection_anchor_fit
900_LINE_011.DZT,G000081,ANM,GPR 이상 후보,"[[146.0681818181818,202.36363636363637]]",243033.57439575833,431243.76005262876,65.7699146567741,NOF_우안(청주측)_접속부(콘크리트_중력식),NOF_R_0161,900,11,1.327905824537205,8.765061218147707,../../Data/processed data/900MHz/900_LINE_011.DZT,../Overlay/ANM/900/LINE_011_anomaly.png,line_surface_projection_anchor_fit
900_LINE_012.DZT,G000082,ANM,GPR 이상 후보,"[[102.93939393939394,210.1818181818182]]",243035.05664378637,431240.03737778106,66.08354257719972,NOF_우안(청주측)_접속부(콘크리트_중력식),NOF_R_0162,900,12,0.9358220187651856,9.103693412559522,../../Data/processed data/900MHz/900_LINE_012.DZT,../Overlay/ANM/900/LINE_012_anomaly.png,line_surface_projection_anchor_fit
900_LINE_012.DZT,G000083,ANM,GPR 이상 후보,"[[203.0595238095238,287.67857142857144]]",243034.53816573997,431239.8654631373,65.35547972942942,NOF_우안(청주측)_접속부(콘크리트_중력식),NOF_R_0162,900,12,1.8460141081926853,12.460342851270335,../../Data/processed data/900MHz/900_LINE_012.DZT,../Overlay/ANM/900/LINE_012_anomaly.png,line_surface_projection_anchor_fit
1600_LINE_001.DZT,G000084,ANM,GPR 이상 후보,"[[1471.076923076923,199.12307692307692]]",243029.24989585512,431259.33443846955,66.83210681095052,NOF_우안(청주측)_접속부(콘크리트_중력식),NOF_R_0158,1600,1,4.903099453595147,3.6802482970773354,../../Data/processed data/1.6GHz/1600_LINE_001.DZT,../Overlay/ANM/1600/LINE_001_anomaly.png,line_surface_projection_anchor_fit
1600_LINE_001.DZT,G000085,ANM,GPR 이상 후보,"[[1487.8333333333333,210.13333333333333]]",243029.2673042771,431259.2819363416,66.83210681095052,NOF_우안(청주측)_접속부(콘크리트_중력식),NOF_R_0158,1600,1,4.958948569765481,3.8837429297957944,../../Data/processed data/1.6GHz/1600_LINE_001.DZT,../Overlay/ANM/1600/LINE_001_anomaly.png,line_surface_projection_anchor_fit
1600_LINE_001.DZT,G000086,ANM,GPR 이상 후보,"[[1473.576923076923,214.15384615384616]]",243029.25249313307,431259.3266053288,66.83210681095052,NOF_우안(청주측)_접속부(콘크리트_중력식),NOF_R_0158,1600,1,4.911431953712373,3.9580511701550267,../../Data/processed data/1.6GHz/1600_LINE_001.DZT,../Overlay/ANM/1600/LINE_001_anomaly.png,line_surface_projection_anchor_fit
1600_LINE_001.DZT,G000087,ANM,GPR 이상 후보,"[[2117.978723404255,345.0]]",243029.92196936955,431257.3075293293,66.83210681095052,NOF_우안(청주측)_접속부(콘크리트_중력식),NOF_R_0158,1600,1,7.059223184419794,6.376386313988971,../../Data/processed data/1.6GHz/1600_LINE_001.DZT,../Overlay/ANM/1600/LINE_001_anomaly.png,line_surface_projection_anchor_fit
1600_LINE_002.DZT,G000088,ANM,GPR 이상 후보,"[[1877.3870967741937,277.741935483871]]",243029.21630735655,431257.9102627017,66.19218663917381,NOF_우안(청주측)_접속부(콘크리트_중력식),NOF_R_0158,1600,2,6.2573312815803,5.133303989101921,../../Data/processed data/1.6GHz/1600_LINE_002.DZT,../Overlay/ANM/1600/LINE_002_anomaly.png,line_surface_projection_anchor_fit
1600_LINE_002.DZT,G000089,ANM,GPR 이상 후보,"[[1912.0392156862745,285.03921568627453]]",243029.25230783038,431257.8016887319,66.19218663917381,NOF_우안(청주측)_접속부(콘크리트_중력식),NOF_R_0158,1600,2,6.372826795539127,5.268174358991627,../../Data/processed data/1.6GHz/1600_LINE_002.DZT,../Overlay/ANM/1600/LINE_002_anomaly.png,line_surface_projection_anchor_fit
1600_LINE_003.DZT,G000090,ANM,GPR 이상 후보,"[[2032.5555555555557,272.8222222222222]]",243029.14965926274,431257.34852922236,65.87222655328546,NOF_우안(청주측)_접속부(콘크리트_중력식),NOF_R_0158,1600,3,6.774507761974531,5.042376475158943,../../Data/processed data/1.6GHz/1600_LINE_003.DZT,../Overlay/ANM/1600/LINE_003_anomaly.png,line_surface_projection_anchor_fit
1600_LINE_003.DZT,G000091,ANM,GPR 이상 후보,"[[1984.2671755725191,298.7175572519084]]",243029.09949192478,431257.4998290931,65.87222655328546,NOF_우안(청주측)_접속부(콘크리트_중력식),NOF_R_0158,1600,3,6.613562589226796,5.5209812864037255,../../Data/processed data/1.6GHz/1600_LINE_003.DZT,../Overlay/ANM/1600/LINE_003_anomaly.png,line_surface_projection_anchor_fit
1600_LINE_003.DZT,G000092,ANM,GPR 이상 후보,"[[1989.9333333333334,310.02222222222224]]",243029.10537855944,431257.4820755686,65.87222655328546,NOF_우안(청주측)_접속부(콘크리트_중력식),NOF_R_0158,1600,3,6.63244789330928,5.729917260319493,../../Data/processed data/1.6GHz/1600_LINE_003.DZT,../Overlay/ANM/1600/LINE_003_anomaly.png,line_surface_projection_anchor_fit
1600_LINE_004.DZT,G000093,ANM,GPR 이상 후보,"[[194.09302325581396,144.1627906976744]]",243027.66779904795,431262.87232984114,66.31464171876033,NOF_우안(청주측)_접속부(콘크리트_중력식),NOF_R_0157,1600,4,0.6469120556127772,2.664456943742341,../../Data/processed data/1.6GHz/1600_LINE_004.DZT,../Overlay/ANM/1600/LINE_004_anomaly.png,line_surface_projection_anchor_fit
1600_LINE_004.DZT,G000094,ANM,GPR 이상 후보,"[[404.2162162162162,206.40540540540542]]",243027.26885992673,431262.7400513823,65.75443911285191,NOF_우안(청주측)_접속부(콘크리트_중력식),NOF_R_0157,1600,4,1.3472526676026122,3.8148423251025285,../../Data/processed data/1.6GHz/1600_LINE_004.DZT,../Overlay/ANM/1600/LINE_004_anomaly.png,line_surface_projection_anchor_fit
1600_LINE_004.DZT,G000095,ANM,GPR 이상 후보,"[[404.19565217391306,221.84782608695653]]",243027.26889896952,431262.74006432795,65.7544939379758,NOF_우안(청주측)_접속부(콘크리트_중력식),NOF_R_0157,1600,4,1.3471841276486516,4.100253455214711,../../Data/processed data/1.6GHz/1600_LINE_004.DZT,../Overlay/ANM/1600/LINE_004_anomaly.png,line_surface_projection_anchor_fit
1600_LINE_004.DZT,G000096,ANM,GPR 이상 후보,"[[407.2857142857143,245.8857142857143]]",243027.26303218896,431262.73811904696,65.74625562395124,NOF_우안(청주측)_접속부(콘크리트_중력식),NOF_R_0157,1600,4,1.3574833048121802,4.544528415585018,../../Data/processed data/1.6GHz/1600_LINE_004.DZT,../Overlay/ANM/1600/LINE_004_anomaly.png,line_surface_projection_anchor_fit
1600_LINE_004.DZT,G000097,ANM,GPR 이상 후보,"[[406.0,257.80645161290323]]",243027.2654732414,431262.73892844026,65.74968342496247,NOF_우안(청주측)_접속부(콘크리트_중력식),NOF_R_0157,1600,4,1.3531980190376065,4.764850810790075,../../Data/processed data/1.6GHz/1600_LINE_004.DZT,../Overlay/ANM/1600/LINE_004_anomaly.png,line_surface_projection_anchor_fit
1600_LINE_004.DZT,G000098,ANM,GPR 이상 후보,"[[21.083333333333332,387.97222222222223]]",243027.99627460886,431262.98124430614,66.77589722214613,NOF_우안(청주측)_접속부(콘크리트_중력식),NOF_R_0157,1600,4,0.07027075098861134,7.170610921697581,../../Data/processed data/1.6GHz/1600_LINE_004.DZT,../Overlay/ANM/1600/LINE_004_anomaly.png,line_surface_projection_anchor_fit
1600_LINE_007.DZT,G000099,ANM,GPR 이상 후보,"[[199.08695652173913,237.0]]",243030.1761236551,431255.27572484635,66.30132755581674,NOF_우안(청주측)_접속부(콘크리트_중력식),NOF_R_0159,1600,7,0.6635568354222745,4.3803001635228584,../../Data/processed data/1.6GHz/1600_LINE_007.DZT,../Overlay/ANM/1600/LINE_007_anomaly.png,line_surface_projection_anchor_fit
1600_LINE_008.DZT,G000100,ANM,GPR 이상 후보,"[[467.9736842105263,241.3684210526316]]",243030.6097935794,431252.2589051499,65.58445740253559,NOF_우안(청주측)_접속부(콘크리트_중력식),NOF_R_0159,1600,8,1.5597563114172774,4.461038540953993,../../Data/processed data/1.6GHz/1600_LINE_008.DZT,../Overlay/ANM/1600/LINE_008_anomaly.png,line_surface_projection_anchor_fit
1600_LINE_009.DZT,G000101,ANM,GPR 이상 후보,"[[282.0869565217391,63.34782608695652]]",243031.90689471326,431249.52837813227,66.08004395720342,NOF_우안(청주측)_접속부(콘크리트_중력식),NOF_R_0160,1600,9,0.940195839314199,1.1708122066139799,../../Data/processed data/1.6GHz/1600_LINE_009.DZT,../Overlay/ANM/1600/LINE_009_anomaly.png,line_surface_projection_anchor_fit
1600_LINE_009.DZT,G000102,ANM,GPR 이상 후보,"[[175.25,134.2]]",243032.10973496595,431249.59563500073,66.36487848978203,NOF_우안(청주측)_접속부(콘크리트_중력식),NOF_R_0160,1600,9,0.5841082582175875,2.4803218647458545,../../Data/processed data/1.6GHz/1600_LINE_009.DZT,../Overlay/ANM/1600/LINE_009_anomaly.png,line_surface_projection_anchor_fit
1600_LINE_009.DZT,G000103,ANM,GPR 이상 후보,"[[175.6904761904762,146.23809523809524]]",243032.10889867946,431249.5953577086,66.36370415054671,NOF_우안(청주측)_접속부(콘크리트_중력식),NOF_R_0160,1600,9,0.5855763653810989,2.7028133016232063,../../Data/processed data/1.6GHz/1600_LINE_009.DZT,../Overlay/ANM/1600/LINE_009_anomaly.png,line_surface_projection_anchor_fit
1600_LINE_009.DZT,G000104,ANM,GPR 이상 후보,"[[38.5945945945946,219.56756756756758]]",243032.369188416,431249.68166342133,66.72921101843349,NOF_우안(청주측)_접속부(콘크리트_중력식),NOF_R_0160,1600,9,0.12863578559350966,4.058109080677353,../../Data/processed data/1.6GHz/1600_LINE_009.DZT,../Overlay/ANM/1600/LINE_009_anomaly.png,line_surface_projection_anchor_fit
1600_LINE_009.DZT,G000105,ANM,GPR 이상 후보,"[[258.15384615384613,241.6153846153846]]",243031.95233402858,431249.54344469827,66.14385124380844,NOF_우안(청주측)_접속부(콘크리트_중력식),NOF_R_0160,1600,9,0.8604267813357724,4.465602990465855,../../Data/processed data/1.6GHz/1600_LINE_009.DZT,../Overlay/ANM/1600/LINE_009_anomaly.png,line_surface_projection_anchor_fit
1600_LINE_009.DZT,G000106,ANM,GPR 이상 후보,"[[330.2631578947368,251.1315789473684]]",243031.81542755457,431249.4980498587,65.95160295470538,NOF_우안(청주측)_접속부(콘크리트_중력식),NOF_R_0160,1600,9,1.100767120749414,4.641483950754901,../../Data/processed data/1.6GHz/1600_LINE_009.DZT,../Overlay/ANM/1600/LINE_009_anomaly.png,line_surface_projection_anchor_fit
1600_LINE_009.DZT,G000107,ANM,GPR 이상 후보,"[[330.8181818181818,268.95454545454544]]",243031.81437378816,431249.49770045554,65.95012322348735,NOF_우안(청주측)_접속부(콘크리트_중력식),NOF_R_0160,1600,9,1.1026170155122816,4.970892993395618,../../Data/processed data/1.6GHz/1600_LINE_009.DZT,../Overlay/ANM/1600/LINE_009_anomaly.png,line_surface_projection_anchor_fit
1600_LINE_011.DZT,G000108,ANM,GPR 이상 후보,"[[229.05882352941177,108.41176470588235]]",243033.8959282844,431243.8666649532,66.22142053667676,NOF_우안(청주측)_접속부(콘크리트_중력식),NOF_R_0161,1600,11,0.763453069564248,2.0036965007129877,../../Data/processed data/1.6GHz/1600_LINE_011.DZT,../Overlay/ANM/1600/LINE_011_anomaly.png,line_surface_projection_anchor_fit
1600_LINE_012.DZT,G000109,ANM,GPR 이상 후보,"[[259.9516129032258,246.06451612903226]]",243035.09617838333,431240.0504864868,66.13905827638952,NOF_우안(청주측)_접속부(콘크리트_중력식),NOF_R_0162,1600,12,0.8664187379957533,4.5478330811695065,../../Data/processed data/1.6GHz/1600_LINE_012.DZT,../Overlay/ANM/1600/LINE_012_anomaly.png,line_surface_projection_anchor_fit
2600_LINE_001.DZT,G000110,ANM,GPR 이상 후보,"[[4069.125,148.109375]]",243030.89248923532,431254.3805346711,66.83210681095052,NOF_우안(청주측)_접속부(콘크리트_중력식),NOF_R_0159,2600,1,10.172812500000001,2.4007199946973192,../../Data/processed data/2.6GHz/2600_LINE_001.DZT,../Overlay/ANM/2600/LINE_001_anomaly.png,line_surface_projection_anchor_fit
2600_LINE_001.DZT,G000111,ANM,GPR 이상 후보,"[[5001.1875,167.8125]]",243031.6188094728,431252.19002262683,66.83210681095052,NOF_우안(청주측)_접속부(콘크리트_중력식),NOF_R_0159,2600,1,12.50296875,2.720089961288027,../../Data/processed data/2.6GHz/2600_LINE_001.DZT,../Overlay/ANM/2600/LINE_001_anomaly.png,line_surface_projection_anchor_fit
2600_LINE_002.DZT,G000112,ANM,GPR 이상 후보,"[[5661.025641025641,79.7948717948718]]",243031.6772871201,431250.48818420945,66.19218663917381,NOF_우안(청주측)_접속부(콘크리트_중력식),NOF_R_0160,2600,2,14.152564102564101,1.29340323117465,../../Data/processed data/2.6GHz/2600_LINE_002.DZT,../Overlay/ANM/2600/LINE_002_anomaly.png,line_surface_projection_anchor_fit
2600_LINE_003.DZT,G000113,ANM,GPR 이상 후보,"[[8621.376811594202,67.56521739130434]]",243033.75631988732,431243.45528343116,65.87222655328546,NOF_우안(청주측)_접속부(콘크리트_중력식),NOF_R_0161,2600,3,21.553442028985504,1.0951715131967534,../../Data/processed data/2.6GHz/2600_LINE_003.DZT,../Overlay/ANM/2600/LINE_003_anomaly.png,line_surface_projection_anchor_fit
2600_LINE_003.DZT,G000114,ANM,GPR 이상 후보,"[[7859.1578947368425,134.1578947368421]]",243033.16235218165,431245.2466329573,65.87222655328546,NOF_우안(청주측)_접속부(콘크리트_중력식),NOF_R_0161,2600,3,19.647894736842108,2.1745790254076427,../../Data/processed data/2.6GHz/2600_LINE_003.DZT,../Overlay/ANM/2600/LINE_003_anomaly.png,line_surface_projection_anchor_fit
2600_LINE_003.DZT,G000115,ANM,GPR 이상 후보,"[[5905.544303797468,223.41772151898735]]",243031.63997671084,431249.83797109267,65.87222655328546,NOF_우안(청주측)_접속부(콘크리트_중력식),NOF_R_0160,2600,3,14.76386075949367,3.621400679196374,../../Data/processed data/2.6GHz/2600_LINE_003.DZT,../Overlay/ANM/2600/LINE_003_anomaly.png,line_surface_projection_anchor_fit
2600_LINE_003.DZT,G000116,ANM,GPR 이상 후보,"[[5928.704918032787,225.29508196721312]]",243031.65802488127,431249.78353954497,65.87222655328546,NOF_우안(청주측)_접속부(콘크리트_중력식),NOF_R_0160,2600,3,14.821762295081967,3.6518310065494504,../../Data/processed data/2.6GHz/2600_LINE_003.DZT,../Overlay/ANM/2600/LINE_003_anomaly.png,line_surface_projection_anchor_fit
2600_LINE_005.DZT,G000117,ANM,GPR 이상 후보,"[[500.82978723404256,171.72340425531914]]",243028.26725411793,431259.91048044566,65.83057217508271,NOF_우안(청주측)_접속부(콘크리트_중력식),NOF_R_0158,2600,5,1.2520744680851064,2.783482208018469,../../Data/processed data/2.6GHz/2600_LINE_005.DZT,../Overlay/ANM/2600/LINE_005_anomaly.png,line_surface_projection_anchor_fit
2600_LINE_005.DZT,G000118,ANM,GPR 이상 후보,"[[497.1162790697674,204.2093023255814]]",243028.2725424864,431259.91223393934,65.83799826502764,NOF_우안(청주측)_접속부(콘크리트_중력식),NOF_R_0158,2600,5,1.2427906976744185,3.31004944957882,../../Data/processed data/2.6GHz/2600_LINE_005.DZT,../Overlay/ANM/2600/LINE_005_anomaly.png,line_surface_projection_anchor_fit
2600_LINE_005.DZT,G000119,ANM,GPR 이상 후보,"[[206.43333333333334,231.1]]",243028.68650105508,431260.0494924797,66.41929164180331,NOF_우안(청주측)_접속부(콘크리트_중력식),NOF_R_0158,2600,5,0.5160833333333333,3.7459235161484576,../../Data/processed data/2.6GHz/2600_LINE_005.DZT,../Overlay/ANM/2600/LINE_005_anomaly.png,line_surface_projection_anchor_fit
2600_LINE_005.DZT,G000120,ANM,GPR 이상 후보,"[[211.36170212765958,269.0425531914894]]",243028.6794826162,431260.047165337,66.4094361336613,NOF_우안(청주측)_접속부(콘크리트_중력식),NOF_R_0158,2600,5,0.5284042553191489,4.360938238185298,../../Data/processed data/2.6GHz/2600_LINE_005.DZT,../Overlay/ANM/2600/LINE_005_anomaly.png,line_surface_projection_anchor_fit
2600_LINE_006.DZT,G000121,ANM,GPR 이상 후보,"[[737.3589743589744,53.15384615384615]]",243028.4025039935,431258.37501897744,65.35757280616023,NOF_우안(청주측)_접속부(콘크리트_중력식),NOF_R_0158,2600,6,1.8433974358974359,0.8615761241083062,../../Data/processed data/2.6GHz/2600_LINE_006.DZT,../Overlay/ANM/2600/LINE_006_anomaly.png,line_surface_projection_anchor_fit
2600_LINE_006.DZT,G000122,ANM,GPR 이상 후보,"[[403.2549019607843,56.03921568627451]]",243028.8782981384,431258.5327806831,66.02569760428632,NOF_우안(청주측)_접속부(콘크리트_중력식),NOF_R_0158,2600,6,1.0081372549019607,0.9083453737158426,../../Data/processed data/2.6GHz/2600_LINE_006.DZT,../Overlay/ANM/2600/LINE_006_anomaly.png,line_surface_projection_anchor_fit
2600_LINE_006.DZT,G000123,ANM,GPR 이상 후보,"[[586.8125,120.39583333333333]]",243028.61689566652,431258.4461060145,65.65862819907328,NOF_우안(청주측)_접속부(콘크리트_중력식),NOF_R_0158,2600,6,1.46703125,1.9515083657707646,../../Data/processed data/2.6GHz/2600_LINE_006.DZT,../Overlay/ANM/2600/LINE_006_anomaly.png,line_surface_projection_anchor_fit
2600_LINE_006.DZT,G000124,ANM,GPR 이상 후보,"[[217.73611111111111,197.73611111111111]]",243029.14249352468,431258.6203814137,66.39668890587485,NOF_우안(청주측)_접속부(콘크리트_중력식),NOF_R_0158,2600,6,0.5443402777777778,3.205124831686956,../../Data/processed data/2.6GHz/2600_LINE_006.DZT,../Overlay/ANM/2600/LINE_006_anomaly.png,line_surface_projection_anchor_fit
2600_LINE_010.DZT,G000125,ANM,GPR 이상 후보,"[[223.68085106382978,202.04255319148936]]",243033.0680996673,431246.752791264,66.38480090896326,NOF_우안(청주측)_접속부(콘크리트_중력식),NOF_R_0160,2600,10,0.5592021276595744,3.2749283914438583,../../Data/processed data/2.6GHz/2600_LINE_010.DZT,../Overlay/ANM/2600/LINE_010_anomaly.png,line_surface_projection_anchor_fit
2600_LINE_011.DZT,G000126,ANM,GPR 이상 후보,"[[313.11764705882354,145.35294117647058]]",243033.88491092998,431243.8630118678,66.2059496281624,NOF_우안(청주측)_접속부(콘크리트_중력식),NOF_R_0161,2600,11,0.7827941176470589,2.3560406771712876,../../Data/processed data/2.6GHz/2600_LINE_011.DZT,../Overlay/ANM/2600/LINE_011_anomaly.png,line_surface_projection_anchor_fit
